Country,City,House_Type,Income_Level,Market_Status,PPP_Index,Price_2015,Price_2020,Price_2025,Growth_Rate_%,Inflation_%,Interest_Rate_%,Population_Growth_%,Inaffordability_Ratio
Indonesia,Surabaya,Villa,Middle,Stable,0.64,477821,694082,1008221,9.05,5.59,2.4,1.05,3.52
Brazil,Rio de Janeiro,Apartment,Middle,Stable,1.08,320502,461343,664076,8.79,2.12,9.73,3.41,4.91
Japan,Yokohama,Apartment,High,Booming,0.46,132532,161336,196399,4.35,5.15,4.89,1.52,8.51
UAE,Sharjah,Apartment,Middle,Stable,0.43,181465,227103,284220,5.03,4.74,8.07,1.2,7.63
Germany,Berlin,Townhouse,Middle,Declining,0.83,70903,98140,135840,7.68,3.02,1.59,3.82,11.69
Indonesia,Jakarta,Villa,Middle,Declining,1.03,187076,206480,227896,2.07,6.11,4.96,0.93,7.46
Australia,Sydney,Villa,Low,Declining,0.33,459194,547511,652813,3.85,5.98,3.81,2.32,7.92
China,Shanghai,Condo,High,Stable,0.47,486313,717955,1059934,9.53,7.64,9.05,2.59,11.3
UAE,Abu Dhabi,Villa,Low,Stable,0.38,138192,148539,159661,1.5,3.95,4.5,1.45,10.46
Saudi Arabia,Dammam,Condo,Middle,Declining,0.62,176421,237900,320804,6.97,2.85,8.22,0.76,11.88
South Africa,Cape Town,Apartment,High,Stable,1,139422,146817,154603,1.06,6.89,7.36,3.05,9.94
Mexico,Monterrey,Villa,Low,Stable,0.37,211310,235341,262106,2.27,7.18,6.61,1.66,3.57
USA,Kazan,Condo,Middle,Stable,0.58,196332,284934,413520,9.03,5.83,8.98,2.15,4.08
Mexico,Mexico City,Townhouse,High,Booming,0.94,392353,533091,724313,7.17,6.63,5.44,2.33,6.85
South Africa,Cape Town,Villa,Middle,Stable,0.32,98551,105182,112260,1.35,5.82,3.83,2.28,11.17
Germany,Munich,Villa,High,Stable,0.52,234672,343925,504040,9.31,3.37,1.69,1.51,4.45
Brazil,Rio de Janeiro,Apartment,High,Booming,1.14,413654,578442,808878,7.97,7.23,8.23,1.15,11.03
Japan,Osaka,Townhouse,Low,Declining,0.79,413348,637734,983928,10.86,3.91,1.99,1.3,6.84
UK,London,Apartment,Low,Declining,1.04,437329,460867,485673,1.08,5.06,4.76,1.28,4.08
India,Mumbai,Villa,High,Booming,0.6,474309,582339,714973,4.56,5.11,7.33,1.77,11.75
UK,London,Apartment,Low,Declining,1.17,163302,216128,286043,6.47,3.81,3.56,0.63,8.49
Mexico,Guadalajara,Apartment,Low,Booming,0.75,73165,88037,105931,4.07,7.45,3.16,1.01,7.41
South Korea,Seoul,Villa,High,Booming,1.19,158925,225622,320309,8.39,6.57,3.14,3.05,6.31
South Africa,Cape Town,Townhouse,Middle,Stable,0.87,335088,450585,605891,6.89,2.54,8.52,1.62,4.68
Australia,Brisbane,Villa,Low,Stable,0.34,315902,449421,639373,8.45,2.1,5.61,1.29,8.81
Spain,Barcelona,Villa,Low,Declining,0.46,360922,455738,575462,5.25,7.62,2.24,1.69,4.02
Canada,Montreal,Condo,High,Stable,1.13,444803,530146,631864,3.84,5.96,8.35,2.44,7.77
Indonesia,Jakarta,Condo,Low,Stable,0.52,91896,141839,218924,10.87,7.4,6.7,1.69,6.14
South Africa,Johannesburg,Apartment,Low,Declining,0.95,453700,697744,1073058,10.76,6.68,6.78,0.79,4.45
USA,Saint Petersburg,Condo,High,Declining,1.11,322893,340671,359428,1.1,2.61,6.97,0.52,4.45
Turkey,Ankara,Apartment,Middle,Declining,0.79,361353,508994,716958,8.17,3.35,7.41,1.33,5.93
France,Paris,Apartment,Low,Declining,0.97,342335,519347,787887,10.34,5.95,6.11,0.83,6.31
UK,Manchester,Apartment,High,Stable,0.54,159795,253301,401521,11.7,4.36,9.03,2.71,10.15
Indonesia,Surabaya,Townhouse,Low,Stable,0.75,309607,408955,540182,6.42,3.17,7.5,1.48,3.22
Saudi Arabia,Dammam,Apartment,Middle,Stable,0.88,129700,203272,318579,11.35,7.72,9.23,1.8,3.14
Canada,Vancouver,Villa,Middle,Stable,1.14,242683,383842,607107,11.63,7.78,8.68,1.53,6.47
UAE,Dubai,Villa,High,Booming,1.07,192615,220201,251739,2.86,5.34,9.43,2.94,8.13
Mexico,Monterrey,Condo,Low,Stable,0.39,326753,521018,830778,11.89,2.84,5.66,3.57,9.67
Japan,Yokohama,Villa,Middle,Declining,0.93,366118,456813,569974,4.95,3.76,8.28,3.34,10.8
Spain,Valencia,Townhouse,Low,Declining,1.12,280104,371372,492377,6.52,6.79,6.85,2.96,10.16
Spain,Madrid,Apartment,Low,Stable,1.1,202098,253950,319106,5.13,2.56,6.2,0.63,7.19
Germany,Berlin,Apartment,High,Stable,0.79,178944,246040,338295,7.5,2.18,1.34,3.38,6.24
Germany,Frankfurt,Villa,High,Declining,0.41,285009,419960,618810,9.47,3.29,6.61,0.8,3.47
USA,Kazan,Villa,Middle,Booming,0.78,293286,410772,575322,8.01,6.36,9.78,2.31,5.91
Saudi Arabia,Riyadh,Villa,Low,Stable,1.02,171875,221965,286653,5.83,2.47,1.23,3.87,10.52
USA,Moscow,Villa,Low,Stable,0.93,234029,268036,306985,2.91,2.94,3.25,2.42,9.43
Turkey,Ankara,Condo,Middle,Declining,0.89,175970,277184,436614,11.5,6.43,5.99,2.64,6.78
Germany,Munich,Condo,Middle,Booming,0.52,210188,308307,452229,9.34,2.09,2.04,0.66,3.37
India,Delhi,Townhouse,Middle,Stable,1.07,366646,480598,629966,6.22,2.59,5.42,2.16,4.56
Canada,Montreal,Condo,Middle,Stable,0.69,229327,318471,442266,7.77,5.81,1.41,1.81,8.63
India,Delhi,Villa,Low,Declining,0.75,435420,614936,868463,8.25,2.98,1.64,2.75,3.24
France,Lyon,Apartment,Middle,Declining,0.83,473104,646501,883451,7.33,4.33,6.79,2.1,7.91
USA,Kazan,Condo,Middle,Stable,1.15,223746,353218,557609,11.57,7.43,2.76,0.74,3.91
France,Paris,Apartment,High,Stable,0.32,92499,131872,188004,8.51,2.43,3.87,3.46,3.21
South Africa,Johannesburg,Villa,Middle,Declining,1.03,176835,197169,219842,2.3,6.18,6.66,3.57,9.62
South Korea,Incheon,Villa,High,Declining,1.02,176916,203027,232992,2.95,6.5,8.26,3.97,6.71
Japan,Osaka,Villa,Middle,Booming,0.63,399386,494217,611565,4.75,7.58,8.73,2,9.76
Japan,Osaka,Townhouse,Low,Stable,0.98,96406,149082,230541,10.93,5.03,8.44,1.62,11.06
China,Beijing,Condo,High,Declining,0.65,54877,84947,131495,10.96,2.55,3.87,3.83,11.56
UAE,Dubai,Condo,High,Declining,0.82,334327,433503,562100,5.93,3.76,3.96,2.85,9.77
South Korea,Incheon,Villa,Middle,Booming,1.01,405328,445927,490593,2,4.97,1.52,2.42,6.97
Canada,Vancouver,Condo,High,Declining,1.1,207912,231694,258197,2.29,2.86,7.85,2.66,3.91
UK,Birmingham,Townhouse,Middle,Declining,0.38,365436,398333,434190,1.8,6.93,7.36,0.78,3.76
Mexico,Guadalajara,Townhouse,Low,Stable,1.19,218422,273869,343391,5.08,6.88,9.53,3.95,9.78
Australia,Sydney,Condo,Low,Declining,0.64,87575,129386,191160,9.55,5.35,4.82,3.67,4
USA,Saint Petersburg,Villa,High,Declining,0.74,55109,72070,94250,6.16,2.34,2.07,0.91,8.84
Turkey,Istanbul,Apartment,High,Stable,0.97,312516,493524,779370,11.58,4.25,3.57,3.54,5.01
Russia,Chicago,Apartment,Middle,Booming,1.17,55470,87832,139077,11.67,2.26,9.02,2.35,11.94
Turkey,Izmir,Apartment,High,Booming,0.37,299234,473723,749959,11.66,5.14,6.66,2.94,7.09
Brazil,Brasilia,Condo,Middle,Stable,0.86,312941,483694,747615,10.91,2.27,3.53,3.83,11.01
USA,Moscow,Villa,High,Declining,0.71,329060,395714,475870,4.05,3.13,5.17,1.74,8.25
South Korea,Busan,Apartment,High,Stable,0.37,488478,777860,1238676,11.85,6.19,5.82,1.58,10.32
Mexico,Monterrey,Townhouse,Middle,Stable,0.92,123178,191050,296320,11.02,6.94,9.55,3.04,8.52
China,Beijing,Condo,High,Declining,0.68,469728,716962,1094324,10.53,2.27,1.24,1.82,10.29
Japan,Osaka,Townhouse,High,Declining,1.19,117688,162029,223077,7.54,4.29,9.73,3.45,10.54
Germany,Frankfurt,Apartment,Low,Stable,0.72,236669,284091,341015,4.01,2.34,8.78,3.35,12
USA,Saint Petersburg,Apartment,Low,Stable,1.2,299944,441801,650747,9.46,7.67,8.65,1.37,7.05
Australia,Sydney,Apartment,Low,Booming,0.42,479323,663093,917321,7.67,3.37,7.05,2.66,6.22
Saudi Arabia,Riyadh,Townhouse,High,Booming,0.4,352208,470609,628814,6.72,6.63,5.68,3.48,7.97
UK,Manchester,Townhouse,High,Stable,0.8,444494,565359,719089,5.44,2.8,1.26,3.14,8.58
USA,Kazan,Villa,Low,Booming,0.93,145834,164064,184572,2.5,2.09,4.16,2.56,6.53
China,Beijing,Townhouse,High,Stable,0.69,456871,567224,704232,4.83,5.08,8.05,1.89,8.6
India,Delhi,Condo,Low,Booming,1.08,477284,539756,610405,2.62,7.56,5.43,1.4,7.13
India,Mumbai,Apartment,Low,Stable,1.18,271678,334385,411566,4.62,5.8,3.16,0.77,4.16
Spain,Madrid,Condo,Low,Stable,0.42,118356,133311,150156,2.53,5.85,2.64,1.71,11.07
Russia,Los Angeles,Apartment,Middle,Stable,0.73,350401,401131,459205,2.9,3.15,1.37,1.09,5.51
South Korea,Seoul,Villa,Low,Declining,0.46,89916,100378,112057,2.33,4.76,2.86,1.77,7.53
China,Shanghai,Villa,High,Declining,0.92,67690,100837,150214,9.79,5.77,1.74,3.56,11.29
Germany,Munich,Apartment,Low,Stable,0.35,174595,260742,389395,9.87,6.49,2.66,1.23,6.33
Saudi Arabia,Jeddah,Villa,Middle,Stable,0.74,328215,411221,515220,5.06,4.78,7.73,0.63,5.27
Australia,Melbourne,Villa,High,Booming,0.94,452843,602926,802749,6.63,5.19,1.96,2.07,7.79
India,Bangalore,Villa,High,Stable,0.52,171159,215234,270658,5.15,2.12,3.9,1.24,5.95
France,Paris,Apartment,Low,Booming,0.41,450737,620429,854006,7.53,6.07,8.1,2.24,3.78
South Korea,Seoul,Condo,Middle,Declining,0.78,314079,458552,669482,9.2,4.59,2.15,1.49,6.27
Indonesia,Jakarta,Condo,High,Stable,0.88,306850,382290,476278,4.92,7.92,6.45,1.33,3.92
Mexico,Mexico City,Townhouse,Low,Booming,0.44,160681,182915,208226,2.77,3.12,3.57,1.11,11.07
Canada,Montreal,Condo,High,Declining,0.37,286030,364894,465502,5.51,7.89,2.01,1.89,11.73
China,Beijing,Villa,Middle,Stable,1.08,417682,497813,593317,3.84,3.03,7.02,3.75,8.01
France,Marseille,Apartment,Low,Declining,0.81,175991,259273,381967,9.46,3.12,3.91,1.99,7.57
Japan,Tokyo,Villa,Low,Booming,0.52,101677,140908,195275,7.72,3.73,6.23,1.04,7.33
Turkey,Ankara,Apartment,Low,Stable,0.78,73321,90561,111854,4.7,2.81,1.57,3.96,5.9
South Korea,Incheon,Villa,Middle,Booming,1.03,164588,234510,334136,8.5,6.56,6.36,2.15,6.71
Mexico,Guadalajara,Villa,Middle,Declining,0.61,468288,705636,1063280,10.14,7.79,2.12,3.06,11.45
Canada,Toronto,Townhouse,High,Booming,0.46,79923,116498,169809,9.15,5.45,8.58,0.99,10.16
France,Lyon,Townhouse,High,Stable,0.48,123645,140998,160787,2.81,6.89,6.99,2.33,6.23
Italy,Milan,Apartment,Middle,Declining,1.09,226600,339703,509259,9.98,4.63,4.39,2.12,5.71
South Korea,Incheon,Villa,Middle,Booming,0.97,276224,325314,383128,3.55,7.4,4.46,2.4,11.16
USA,Saint Petersburg,Apartment,High,Booming,0.86,102604,160771,251914,11.34,5.77,4.01,0.99,10.15
Japan,Yokohama,Villa,Low,Booming,0.86,290057,447164,689367,10.83,6.73,2.37,1.59,5.24
South Korea,Busan,Villa,Low,Booming,0.97,65090,88746,120999,7.27,6.57,8.89,1.7,10.39
Spain,Madrid,Villa,Low,Declining,0.4,430904,482663,540640,2.4,4.38,8.18,1.02,5.06
Spain,Barcelona,Villa,Low,Booming,0.95,374016,524607,735830,8.05,6.16,5.88,1.38,6.11
Italy,Rome,Condo,High,Booming,0.46,458803,628957,862215,7.42,4.41,5.16,3.82,4.38
Germany,Berlin,Apartment,Middle,Booming,0.83,277650,384906,533595,7.73,2.11,8.85,3.76,8.09
Indonesia,Surabaya,Villa,Middle,Stable,0.93,465125,669306,963118,8.78,2.92,6.19,2.62,6.82
China,Shanghai,Villa,Middle,Stable,0.96,470465,733485,1143549,11.18,4.71,2.02,3.95,10.55
Indonesia,Bandung,Apartment,Middle,Booming,0.41,464379,709777,1084853,10.57,5.11,6.32,1.9,3.49
UAE,Abu Dhabi,Apartment,Low,Stable,0.6,411284,432896,455644,1.05,4,4.58,2.38,11.28
UAE,Sharjah,Townhouse,Middle,Booming,0.61,206129,300047,436756,9.11,4.71,3.02,2.08,4.27
UK,Birmingham,Townhouse,High,Declining,0.46,274265,351172,449644,5.61,7.49,4.26,2.53,8.69
Brazil,Sao Paulo,Condo,Middle,Declining,0.31,348592,400155,459346,2.96,7.77,2.34,1.95,3.77
Italy,Rome,Condo,High,Booming,1.2,275988,380163,523659,7.55,2.4,7.75,1.23,11.08
South Africa,Cape Town,Villa,High,Booming,0.48,135809,145330,155518,1.4,4.83,6.08,0.73,9.98
Spain,Barcelona,Apartment,Middle,Stable,0.71,285976,369600,477679,5.85,4.4,6.04,1.04,4.64
Turkey,Ankara,Apartment,High,Declining,1.08,475752,597221,749704,5.11,3.62,6.8,1.93,3.23
Mexico,Monterrey,Apartment,Low,Booming,0.44,372188,525681,742476,8.25,2.16,3,1.31,9.05
Brazil,Rio de Janeiro,Apartment,Low,Declining,0.32,96849,144300,215001,9.8,3.07,6.87,1.33,3.89
UK,Birmingham,Condo,High,Booming,0.52,375020,570268,867168,10.41,6.98,4.57,2.84,4.84
Spain,Barcelona,Villa,High,Booming,0.56,453351,479261,506651,1.14,2.51,2.87,0.59,4.63
Italy,Naples,Townhouse,Middle,Declining,0.82,239641,369280,569048,10.82,6.9,4.08,1.41,6.42
Japan,Tokyo,Townhouse,Low,Stable,0.83,170629,237734,331230,7.87,4.46,5.97,2.03,5.65
Russia,New York,Condo,Low,Declining,1.15,393623,443637,500007,2.54,7.21,5.39,3.63,10.2
France,Marseille,Villa,High,Declining,0.68,60111,72000,86239,3.96,5.25,6.7,1.4,4.25
China,Beijing,Apartment,Middle,Booming,1.05,492981,660165,884047,6.78,3.03,3.45,0.56,11.23
Turkey,Ankara,Apartment,High,Stable,0.41,309432,371545,446125,4.01,5.33,6.86,3.4,4.86
USA,Saint Petersburg,Condo,Middle,Declining,0.31,111599,172421,266392,10.9,7.24,6.38,2.6,8.99
UAE,Sharjah,Townhouse,High,Stable,0.46,461485,590851,756480,5.61,4.3,5.67,0.66,4.5
France,Paris,Apartment,Middle,Booming,0.96,87259,120569,166595,7.63,3.47,4.5,1.51,6.2
Japan,Tokyo,Townhouse,Middle,Booming,0.95,183705,250118,340542,7.23,4.86,6.97,3.78,9.59
Italy,Rome,Villa,Low,Stable,0.49,64032,76470,91324,3.88,5.57,1.46,2.24,8.37
South Africa,Cape Town,Townhouse,Middle,Declining,0.6,396910,440026,487826,2.17,2.45,7.55,2.23,9.2
USA,Moscow,Townhouse,Low,Stable,0.69,160881,241403,362226,10.01,6.8,7.25,1.45,8.31
Brazil,Brasilia,Apartment,Middle,Stable,0.62,91212,141791,220417,11.09,2.82,9.55,2.06,4.67
Mexico,Mexico City,Apartment,High,Stable,0.79,442826,643303,934542,9.05,6.84,6.93,2.92,10.64
Australia,Brisbane,Villa,High,Stable,0.52,270241,316632,370987,3.43,7.93,9.5,0.64,9.35
Mexico,Monterrey,Townhouse,Middle,Declining,1.13,131259,178823,243623,7.25,7.49,1.31,2.94,5.68
UK,Manchester,Condo,Middle,Stable,1.13,486976,764234,1199349,11.39,4.85,8.76,3.46,5.87
Germany,Munich,Condo,Middle,Stable,1.05,66653,91845,126558,7.56,3.38,2.09,0.77,9.27
UK,Manchester,Apartment,Middle,Declining,0.61,376145,408473,443580,1.72,3.89,5.86,3.27,5.87
Turkey,Ankara,Condo,Low,Booming,0.86,448690,623107,865324,7.77,3.4,1.22,3.55,3.19
UAE,Abu Dhabi,Apartment,Low,Booming,1.09,288022,451182,706771,11.33,6.79,9.98,1.73,9.9
Turkey,Istanbul,Townhouse,Low,Declining,0.66,265944,371026,517629,7.9,7.24,9.86,3.19,6.76
Australia,Melbourne,Townhouse,Middle,Stable,0.68,381912,451163,532971,3.63,2.66,4.19,1.51,5.67
Mexico,Mexico City,Condo,High,Stable,0.51,68942,73067,77438,1.2,7.93,4.85,1.85,9.12
Japan,Osaka,Townhouse,High,Declining,0.5,477483,707863,1049400,9.65,2.54,4.76,3.58,11.5
China,Shenzhen,Condo,High,Declining,0.72,326035,372289,425105,2.84,7.95,3.09,3.8,8.85
China,Shanghai,Apartment,High,Booming,0.85,280710,330359,388789,3.54,3.06,2.98,1.15,10.02
UAE,Sharjah,Villa,High,Booming,0.62,76029,120355,190522,11.66,7.3,9.35,3.98,4.57
Italy,Naples,Condo,Low,Stable,0.66,391207,560526,803128,8.66,2.92,8.34,1.29,5.01
Brazil,Rio de Janeiro,Apartment,High,Declining,0.78,316823,433746,593818,7.38,2.55,8.9,1.43,4.17
Mexico,Guadalajara,Apartment,High,Stable,1.1,480043,731667,1115186,10.48,6.86,6.9,2.43,3.78
Australia,Melbourne,Townhouse,Low,Booming,0.67,217710,259698,309785,3.86,6.34,5.46,0.78,4.98
Turkey,Izmir,Condo,High,Stable,0.91,84259,127919,194202,10.36,4.97,5.33,2.57,10.42
Indonesia,Surabaya,Condo,High,Booming,0.61,355107,483355,657920,7.22,3.6,8.91,3.29,8.93
Australia,Melbourne,Condo,Low,Stable,1.07,440282,633830,912462,8.79,7.02,7.28,2.88,8.57
USA,Saint Petersburg,Condo,Middle,Booming,0.98,121372,186243,285786,10.69,7.23,1.26,3.39,4.16
Russia,New York,Townhouse,High,Booming,0.6,384579,437811,498412,2.77,6.91,8.49,2.28,3.06
Brazil,Brasilia,Townhouse,Low,Stable,0.56,327617,520797,827887,11.79,5.79,3.34,2.72,7.86
Brazil,Rio de Janeiro,Villa,Middle,Booming,1,98141,144127,211660,9.37,5.25,9.67,1.7,8.69
UK,Manchester,Condo,High,Declining,1.14,96129,150488,235586,11.31,6.13,1.61,1.55,9.37
Turkey,Izmir,Villa,High,Declining,0.36,311977,386925,479878,4.8,5.73,1.41,3.55,11.76
Russia,New York,Villa,Low,Declining,1.17,387343,434424,487227,2.43,6.55,1.22,0.58,5.91
China,Beijing,Apartment,Middle,Booming,0.74,396683,565596,806434,8.52,4.68,3.46,3.99,6.84
Italy,Milan,Villa,Middle,Declining,0.71,123631,183857,273422,9.74,6.16,2.99,0.79,9.12
UAE,Sharjah,Villa,High,Stable,0.89,172967,272072,427963,11.46,2.91,4.89,3.8,6.78
Russia,New York,Condo,Low,Declining,0.87,228917,274888,330091,4.02,7.9,4.68,3.63,5.07
Canada,Toronto,Townhouse,High,Booming,0.49,64010,90153,126973,8.17,4.21,8.78,2.16,11.71
South Africa,Johannesburg,Condo,High,Stable,0.47,440880,651237,961960,9.54,6.63,8.6,3.16,8.64
Canada,Vancouver,Condo,High,Stable,0.42,64637,100605,156588,11.13,5.7,8.17,2.19,4.06
Saudi Arabia,Jeddah,Townhouse,Low,Stable,0.41,358504,461276,593509,5.73,3.2,5.42,0.72,8.24
Japan,Osaka,Apartment,High,Stable,0.54,408902,499146,609307,4.41,4.73,1.1,0.75,6.53
Turkey,Istanbul,Villa,High,Stable,0.73,320009,387344,468847,4.21,6.17,8.74,3.23,3.36
France,Lyon,Apartment,Middle,Booming,0.73,97219,115022,136085,3.66,7.92,2.28,2.25,8.56
India,Mumbai,Villa,High,Booming,0.93,301842,318556,336196,1.11,3.96,5.66,0.81,6.16
Italy,Milan,Condo,Low,Stable,0.33,85360,108263,137311,5.37,2.8,6.11,2.91,10.21
Germany,Frankfurt,Apartment,High,Booming,0.48,125367,138846,153773,2.15,5.82,7.36,0.61,11.43
UAE,Abu Dhabi,Townhouse,High,Stable,0.35,293583,422755,608760,8.8,7.23,7.43,3.31,6.06
Turkey,Ankara,Apartment,Middle,Booming,1.03,86052,132705,204650,10.84,5.29,8.36,2.08,8.79
Japan,Yokohama,Villa,Middle,Declining,0.77,379215,415201,454603,1.9,2.36,3.22,1.06,10.85
Russia,Los Angeles,Condo,High,Stable,0.5,489139,604230,746401,4.71,3.09,8.11,2.81,7.48
Japan,Tokyo,Apartment,Low,Declining,0.8,373641,439271,516429,3.51,7.98,9.77,2.78,4.8
USA,Saint Petersburg,Villa,High,Declining,0.91,82489,88004,93888,1.34,3.55,5.16,3.54,9.54
Indonesia,Bandung,Apartment,Low,Declining,0.97,241472,299489,371446,4.81,4.23,9.89,0.64,10.8
Japan,Tokyo,Villa,High,Booming,0.82,247377,358422,519315,8.98,4.92,8.86,3.65,6.8
Spain,Valencia,Townhouse,Middle,Declining,0.55,316558,491234,762297,11.04,3.26,6.61,2.71,9.6
Italy,Rome,Condo,High,Stable,0.42,372121,576776,893984,11,3.08,3.14,3.9,4.63
Indonesia,Bandung,Townhouse,Middle,Declining,1.07,271525,322022,381911,3.72,7.22,5.01,2.3,6.23
Brazil,Sao Paulo,Townhouse,High,Declining,0.83,123586,156348,197795,5.3,7.82,3.32,2.8,5.93
China,Shenzhen,Condo,Middle,Declining,1,108893,172422,273013,11.67,4.72,3.12,0.76,4.53
Spain,Madrid,Villa,Middle,Declining,0.77,201651,303664,457283,10.12,4.59,3.24,2.66,9.36
Indonesia,Bandung,Villa,Low,Booming,0.45,125429,134230,143649,1.4,6.42,6.97,2.16,10.6
South Korea,Incheon,Condo,Low,Booming,1.03,313409,478748,731312,10.55,3.24,2.01,1.44,3.51
Turkey,Izmir,Condo,Low,Booming,0.78,471473,505248,541444,1.43,2.73,5.07,3.77,5.85
China,Beijing,Townhouse,Low,Stable,0.76,68708,77749,87980,2.63,7.92,9.69,0.52,11.57
Canada,Toronto,Townhouse,Low,Stable,0.88,440563,572779,744674,6,5.09,5.4,2.83,4.26
France,Lyon,Condo,Middle,Stable,0.33,188568,271081,389699,8.75,3.21,7.06,3.89,3.85
UAE,Abu Dhabi,Apartment,Low,Stable,0.91,249688,381392,582569,10.55,3.06,7.23,3.43,11.5
UK,Manchester,Apartment,Middle,Stable,0.91,273729,380432,528731,7.8,7.21,6.14,0.61,11.38
France,Lyon,Apartment,High,Declining,0.92,354431,414196,484038,3.37,5.95,4.54,2.78,3.96
Brazil,Rio de Janeiro,Condo,Low,Declining,0.89,499736,537974,579138,1.53,7.86,4.66,3.55,10.04
Germany,Frankfurt,Townhouse,High,Declining,0.81,382302,586139,898659,10.66,4.42,3.94,2.84,10.27
Italy,Naples,Condo,Middle,Declining,0.99,409016,527455,680191,5.79,6.91,2.08,2.41,3.05
South Africa,Cape Town,Villa,High,Booming,0.59,214908,272480,345477,5.36,6.17,4.5,2.07,5.14
Saudi Arabia,Jeddah,Villa,Middle,Declining,0.64,152271,166015,180999,1.81,5.62,7.01,2.67,7.17
Turkey,Ankara,Condo,Middle,Booming,0.64,438500,585615,782086,6.71,4.88,1.23,1.69,6.42
Russia,Los Angeles,Condo,Low,Stable,0.66,311078,417927,561477,6.87,5.65,7.88,3.35,9.46
Spain,Madrid,Apartment,Middle,Declining,1.16,58205,67382,78007,3.15,2.05,6.83,3.64,5.19
UAE,Dubai,Villa,Low,Booming,1.13,77120,120612,188629,11.28,4.11,1.91,2.2,5.31
China,Beijing,Townhouse,High,Booming,0.56,188280,280851,418936,9.83,5.23,3.8,2.64,9.45
Turkey,Istanbul,Apartment,Low,Booming,0.55,236097,263729,294595,2.34,3.09,7.13,1.14,7.73
South Africa,Johannesburg,Condo,Middle,Stable,0.94,98095,133607,181976,7.24,3.54,9.67,2.19,10.25
Mexico,Mexico City,Villa,Middle,Booming,0.8,69536,97227,135946,7.96,7.71,6.41,3.37,10.96
Spain,Barcelona,Villa,High,Booming,0.51,145420,201558,279368,7.72,4.47,8.56,3.65,6.18
Australia,Sydney,Townhouse,Low,Booming,0.51,401236,481943,578882,4.02,6.94,4.81,2.84,3.86
USA,Moscow,Condo,Low,Declining,0.86,253295,347682,477241,7.45,3.01,7.63,3.52,4.95
Italy,Naples,Villa,High,Stable,0.39,60637,85079,119373,8.06,5.64,5.92,1.31,6.52
Mexico,Mexico City,Townhouse,Low,Declining,0.84,273545,435834,694407,11.87,2.82,7.26,1.92,6.85
Brazil,Brasilia,Townhouse,High,Stable,0.95,361596,576815,920130,11.9,2.77,1.94,3.04,8.21
Canada,Montreal,Apartment,High,Stable,0.55,85739,94065,103200,1.94,7.37,2.73,1.63,5.04
Mexico,Mexico City,Apartment,Low,Declining,0.62,81241,108496,144894,6.71,2.41,8.2,1.32,7.86
Japan,Yokohama,Apartment,Middle,Stable,1.09,342895,460551,618579,6.86,3.95,4,2.84,11.95
France,Marseille,Apartment,High,Declining,0.9,301003,437013,634481,9.04,4.79,1.54,2.47,11.62
Indonesia,Surabaya,Apartment,Low,Declining,0.46,360502,418368,485521,3.21,5.21,1.87,2.08,9.81
Spain,Valencia,Apartment,Middle,Declining,0.61,349210,519449,772680,9.75,7.56,3.11,1.9,4.37
Turkey,Istanbul,Townhouse,High,Stable,1.19,467150,629241,847572,6.94,7.05,5.69,2.68,3.8
Russia,New York,Apartment,Low,Declining,0.98,107471,161673,243210,10.09,6.69,7.38,0.63,5.73
Australia,Sydney,Villa,Middle,Booming,0.54,212061,232887,255757,1.96,7.62,5.98,1.57,6.57
China,Beijing,Apartment,Low,Booming,0.7,320267,427116,569612,6.67,7.52,5.47,3.97,10.66
Indonesia,Bandung,Townhouse,High,Booming,0.49,468768,522208,581741,2.28,6.9,4.43,3.57,10.81
South Korea,Incheon,Apartment,Low,Declining,1.03,405514,493743,601168,4.35,2.49,4.63,1.11,9.25
Italy,Milan,Apartment,Low,Declining,0.61,489025,685874,961962,8.05,6.93,2.19,3.52,11.3
Brazil,Sao Paulo,Villa,Low,Booming,0.74,322814,474745,698181,9.41,3.05,5.52,1.9,4.32
USA,Saint Petersburg,Condo,Low,Stable,0.63,80678,85857,91368,1.28,2.81,9.67,2.42,11.69
Indonesia,Bandung,Condo,Low,Declining,0.69,190317,252813,335832,6.57,4.64,1.95,2.74,4.94
Canada,Montreal,Townhouse,Low,Booming,0.86,342590,388365,440256,2.67,2.37,8.03,2.11,3.52
China,Shenzhen,Condo,Low,Declining,1.2,76001,108854,155909,8.65,7.9,3.15,1,4.09
UK,Birmingham,Townhouse,Middle,Declining,0.57,95471,136589,195416,8.61,2.37,5.58,3.99,10.33
Canada,Montreal,Apartment,High,Stable,0.85,187814,261652,364518,7.86,5.16,4.83,0.96,10.98
France,Paris,Condo,Middle,Booming,0.7,137580,172287,215750,5.05,4.48,8.45,3.07,9.92
Italy,Rome,Townhouse,High,Stable,0.31,237269,311947,410129,6.29,2.12,3.34,3.16,4.23
Turkey,Ankara,Townhouse,High,Declining,0.78,146841,155162,163954,1.13,3.45,9.78,3.31,11.64
Russia,Los Angeles,Condo,Low,Booming,0.74,99381,134302,181492,7.03,4.73,8.6,0.84,7.39
Australia,Brisbane,Apartment,Middle,Booming,0.44,196104,285439,415469,9.11,4.86,4.38,1.88,7.14
Mexico,Guadalajara,Apartment,High,Booming,1.01,451438,711211,1120466,11.51,6.72,3.84,2.91,6.94
Canada,Vancouver,Apartment,High,Booming,0.53,428392,458866,491507,1.42,7.41,5.15,2.73,8.93
USA,Moscow,Condo,Low,Declining,1.11,336501,466951,647970,7.75,2.4,5.67,1.03,9.64
China,Shenzhen,Townhouse,Low,Booming,0.76,356103,382070,409930,1.46,2.51,7.45,0.75,3.64
UK,Manchester,Villa,Low,Declining,0.31,480426,699322,1017953,9.11,4.12,3.67,1.72,9.97
Russia,Los Angeles,Townhouse,Low,Declining,0.9,133338,152773,175042,2.92,2.59,6.94,3.18,5.39
UK,Birmingham,Townhouse,Low,Stable,0.32,86977,137626,217769,11.65,3.77,7.92,2.69,6.44
South Africa,Cape Town,Condo,High,Declining,0.49,104624,145245,201637,7.77,6.65,6.8,2.36,3.38
Turkey,Izmir,Townhouse,High,Booming,1.17,409421,495831,600477,4.22,7.88,6.42,2.54,9.73
USA,Kazan,Condo,Low,Declining,1.03,345415,387022,433639,2.41,4.03,9.35,1.29,6.35
France,Lyon,Villa,Low,Booming,0.69,247732,343634,476660,7.74,7.66,3.17,0.93,4.78
Italy,Milan,Townhouse,High,Booming,1.1,340615,411207,496429,4.14,6.9,8.75,3.46,11.27
Mexico,Guadalajara,Villa,Low,Booming,0.53,389769,507984,662055,6.07,7.05,7.56,3.22,8.91
Indonesia,Bandung,Townhouse,Low,Stable,0.46,295262,469930,747925,11.83,7.62,1.39,1.08,4.19
UK,Manchester,Villa,High,Booming,0.95,418003,487990,569695,3.35,5.04,8.57,3.06,7.88
India,Mumbai,Villa,Middle,Booming,0.83,278762,338320,410603,4.27,5.39,7.2,3.56,8.73
Indonesia,Jakarta,Townhouse,High,Stable,0.99,122032,159113,207460,6.08,2.06,3.22,3.04,11.93
China,Shenzhen,Apartment,Middle,Stable,0.39,230672,343711,512143,9.8,3.22,6,3.07,8.54
Indonesia,Jakarta,Villa,Low,Declining,0.47,209923,310914,460490,9.62,5.33,1.05,3.16,3.32
Spain,Barcelona,Apartment,High,Stable,0.97,141116,222532,350920,11.54,4.21,3.94,1.02,5.75
Canada,Toronto,Condo,Low,Booming,1.09,498350,624219,781878,5.05,4.69,7.5,3.6,8.34
Indonesia,Jakarta,Apartment,Low,Declining,0.65,235680,337633,483689,8.65,2.02,6.58,1.74,10.15
Japan,Yokohama,Condo,Low,Booming,0.38,314691,413672,543787,6.29,5.85,1.58,2.53,8.05
South Africa,Durban,Villa,Middle,Declining,0.8,321569,457290,650293,8.44,6.83,3.43,3.39,7.48
Germany,Berlin,Apartment,Low,Stable,0.37,76348,94200,116227,4.68,6.71,7.37,3.26,7.66
France,Paris,Apartment,Middle,Booming,0.7,116354,143174,176176,4.61,4.6,1.8,1.27,8.38
Indonesia,Surabaya,Apartment,High,Declining,0.96,499256,780444,1219999,11.26,5.86,4.79,2.73,10.07
Germany,Frankfurt,Townhouse,Low,Declining,0.41,234457,354474,535926,10.24,4.3,6.15,2.56,4.66
Russia,Los Angeles,Villa,High,Booming,0.63,200530,213446,227194,1.29,2.15,8.49,1.46,7.66
Indonesia,Bandung,Villa,High,Booming,0.57,473306,564471,673195,3.85,4.58,8.85,3.45,4.67
Australia,Melbourne,Villa,Middle,Stable,1.02,256184,337044,443426,6.31,2.8,1.73,3.05,7.47
Saudi Arabia,Riyadh,Condo,High,Booming,0.69,378279,556460,818571,9.42,2.95,6.49,0.97,9.76
Turkey,Izmir,Apartment,High,Booming,0.89,480477,522723,568685,1.76,2.34,3.54,1.42,5.22
Russia,New York,Apartment,High,Declining,1.12,162296,194686,233539,3.99,6.56,5.05,3.22,3.59
India,Bangalore,Villa,Low,Declining,0.74,65126,70627,76592,1.69,7.44,2.25,2.36,6.7
South Africa,Johannesburg,Townhouse,High,Stable,0.61,454925,483132,513087,1.24,5.98,9.67,2.46,11.43
India,Bangalore,Condo,Middle,Declining,0.35,238457,284500,339433,3.86,6.38,9.83,1.4,8.89
South Africa,Johannesburg,Townhouse,Low,Stable,0.48,304399,397290,518528,6.1,7.83,6.48,1.72,4.03
UAE,Abu Dhabi,Apartment,Low,Declining,0.44,151393,179859,213678,3.76,7.1,6.05,2.33,4.03
Brazil,Sao Paulo,Townhouse,Middle,Booming,1.07,375266,407996,443581,1.74,6.25,5.89,0.79,7.12
UAE,Dubai,Villa,High,Booming,0.74,124599,195636,307175,11.4,7.1,7.02,2.12,6.71
UAE,Dubai,Villa,High,Booming,0.89,295444,320336,347324,1.69,5.08,8.26,2.11,3.47
Turkey,Izmir,Apartment,Middle,Booming,1.01,140614,167645,199874,3.84,2.99,3.97,3.15,7.67
Italy,Naples,Apartment,Middle,Declining,0.48,445024,682564,1046896,10.68,7.22,3.15,2.08,11.86
Russia,Los Angeles,Townhouse,Low,Stable,0.99,62225,67568,73370,1.72,4.78,9.18,2.39,7.48
Russia,Chicago,Villa,Middle,Booming,0.39,345551,519072,779727,10.04,4.28,7.98,3.88,4.83
UAE,Abu Dhabi,Apartment,Low,Booming,0.77,179212,266322,395773,9.72,5.47,6.71,3.29,6.56
Indonesia,Surabaya,Apartment,Low,Booming,1.12,289863,329538,374644,2.74,6.18,8.14,1.61,10.71
Mexico,Mexico City,Villa,Middle,Stable,1.12,174607,277789,441944,11.82,2.84,2.82,1.14,11.05
Mexico,Monterrey,Villa,Low,Declining,0.89,118447,153054,197774,5.84,5.69,1.75,3.59,10.23
Canada,Toronto,Townhouse,Low,Stable,0.75,485207,620953,794676,5.6,7.9,7.01,2.72,4.49
Indonesia,Bandung,Villa,Middle,Declining,1.09,242370,276115,314558,2.78,2.08,6.04,2.35,9.47
France,Lyon,Villa,Low,Declining,1.1,85733,124512,180832,9.05,3.12,8.72,3.37,7.87
Indonesia,Surabaya,Townhouse,High,Declining,0.94,191458,250645,328130,6.18,6.93,5.13,1.75,7.45
China,Shanghai,Villa,Low,Declining,1.05,200844,230080,263573,2.91,6.27,8.43,0.85,5.16
Saudi Arabia,Jeddah,Townhouse,High,Booming,0.43,206574,268069,347871,5.95,6.49,6.86,2.67,6.17
Canada,Toronto,Condo,High,Declining,1.06,262079,416315,661319,11.77,5.8,2.14,2.87,5.93
Canada,Vancouver,Townhouse,Middle,Declining,0.92,81339,93229,106858,2.92,7.13,3.04,3.43,5.51
Canada,Montreal,Apartment,High,Booming,0.88,362368,482659,642883,6.64,3.83,2.91,0.62,5.74
South Korea,Incheon,Condo,High,Declining,0.89,472237,722127,1104250,10.58,6.6,8.1,2.83,5.34
Japan,Tokyo,Villa,High,Stable,1.12,351830,477870,649063,7.16,2.67,5.02,2.11,10.78
Brazil,Rio de Janeiro,Apartment,Middle,Booming,0.79,221180,351066,557226,11.74,2.66,4.8,0.65,9.66
Germany,Munich,Apartment,Low,Declining,1.13,176017,267913,407787,10.44,3.75,9.2,3.14,10.24
Germany,Frankfurt,Townhouse,Low,Stable,0.32,483265,700574,1015600,8.99,3.83,8.46,1.49,10.85
South Korea,Seoul,Townhouse,Middle,Booming,0.4,366659,494030,665648,6.95,2.58,3.18,0.54,7.22
India,Mumbai,Apartment,High,Stable,0.57,319261,387417,470123,4.27,3.8,7.69,0.67,11.13
Turkey,Ankara,Apartment,Low,Stable,1.07,350512,482400,663913,7.53,7.35,2.67,0.78,5.16
Canada,Toronto,Villa,High,Booming,1.02,65602,89910,123225,7.41,7.97,8.7,2.33,3.57
South Korea,Seoul,Townhouse,Low,Stable,1.05,319540,355716,395988,2.26,2.56,9.19,2.84,10.46
Saudi Arabia,Jeddah,Villa,High,Stable,1.09,307298,410118,547342,6.69,4.58,3.85,2.02,9.96
Italy,Milan,Townhouse,Middle,Stable,0.84,451635,584353,756070,5.88,5.64,6.68,2.57,9.32
South Korea,Incheon,Condo,Middle,Declining,0.51,280564,310675,344018,2.15,4.31,5.39,2.78,11.55
Japan,Yokohama,Condo,Low,Booming,0.84,384617,510943,678761,6.57,5.8,1.64,1.39,6.26
Turkey,Izmir,Apartment,Low,Stable,0.73,70542,79502,89599,2.54,3.66,9.74,1.66,7.34
Indonesia,Jakarta,Apartment,Middle,Stable,0.48,324851,391243,471203,4.09,3.24,5.65,0.52,3.07
Russia,New York,Apartment,High,Stable,0.5,66525,73803,81878,2.19,4.03,8.22,2.5,7.61
UK,Manchester,Apartment,Middle,Stable,0.56,469289,595227,754961,5.37,2.52,6.55,0.9,6.11
France,Lyon,Condo,Middle,Stable,0.76,443400,585931,774279,6.43,6.21,9.94,0.96,5.47
Russia,New York,Townhouse,Low,Declining,0.66,239823,306029,390511,5.52,7.45,7.43,2.63,5.78
UAE,Abu Dhabi,Townhouse,High,Declining,1.04,479777,720462,1081888,10.03,2.01,6.73,0.68,5.32
Mexico,Guadalajara,Villa,High,Declining,0.35,321708,459278,655677,8.55,2.69,4.45,2.1,6.32
Turkey,Istanbul,Condo,Low,Stable,0.41,238527,349000,510638,9.26,2.43,1.72,1.74,11.48
China,Shanghai,Condo,Low,Booming,0.9,355401,443916,554476,4.98,5.56,1.09,2.73,11.22
France,Lyon,Condo,Low,Booming,0.85,443164,641784,929422,8.96,2.72,9.12,0.73,7.81
Canada,Vancouver,Townhouse,Middle,Booming,0.43,55268,70860,90851,5.64,3.77,5.37,2.52,3.39
Spain,Valencia,Condo,Middle,Stable,0.41,301389,373343,462476,4.77,6.38,6.87,3.46,9.23
Brazil,Sao Paulo,Villa,Middle,Stable,0.69,352835,423917,509319,4.03,3.84,8.1,2.06,10.19
Spain,Madrid,Villa,Low,Stable,1.04,435903,677458,1052872,11.08,4.59,3.87,2.54,6.34
Canada,Montreal,Townhouse,High,Booming,0.84,367514,525038,750082,8.57,4.25,2.5,2.01,4.28
Italy,Rome,Apartment,Low,Declining,1.1,205645,233397,264895,2.7,2.15,6.81,2.73,6.07
Spain,Barcelona,Townhouse,Middle,Stable,0.36,234333,286160,349450,4.42,6.06,6.45,1.78,4.96
China,Beijing,Villa,Middle,Declining,1.19,254301,363282,518966,8.57,2.84,5.37,0.6,7.55
UK,London,Townhouse,Middle,Booming,1.17,222893,238818,255881,1.43,2.19,4.49,1.06,3.21
China,Shenzhen,Apartment,High,Stable,0.98,256335,309931,374733,4.18,7.4,2.05,3.85,5.83
Russia,Los Angeles,Townhouse,Low,Booming,1.1,321324,483493,727507,10.09,7.9,3.6,3.86,6.51
UK,Birmingham,Condo,Low,Declining,0.65,203174,273833,369065,6.96,2.92,5.98,2.4,9.86
UK,Birmingham,Townhouse,High,Declining,1.05,248199,301880,367171,4.33,3.56,2.75,0.7,6.08
Russia,New York,Apartment,Middle,Stable,0.54,484888,657867,892554,7.13,4.08,6.22,0.99,7
India,Bangalore,Apartment,Low,Declining,0.86,270004,343169,436161,5.42,7.96,8.92,2.68,8.12
UK,Manchester,Villa,High,Declining,0.86,140590,178174,225804,5.35,2.24,5.28,2.4,5.05
Indonesia,Jakarta,Condo,Middle,Stable,1.17,459255,664623,961829,8.94,5.2,8.83,0.96,10.11
USA,Kazan,Townhouse,Low,Declining,0.41,407395,489555,588285,4.03,7.26,9.5,1.02,7.16
Brazil,Sao Paulo,Townhouse,Low,Declining,1.18,267533,407975,622142,10.5,5.53,4.38,1.5,4.83
South Korea,Incheon,Villa,Low,Booming,0.99,223943,298114,396849,6.62,4.95,6.2,3.53,11.83
China,Beijing,Villa,High,Booming,0.67,422384,621111,913337,9.41,5.44,9.6,1.2,3.98
Brazil,Brasilia,Condo,Middle,Declining,1.07,247617,375347,568963,10.32,7.36,1.56,3.59,7.03
South Africa,Cape Town,Apartment,Low,Stable,0.76,331967,517705,807367,11.19,2.11,5.29,2.91,9.5
UK,Birmingham,Villa,High,Stable,0.92,110496,134216,163027,4.29,4.15,8.24,1.48,4.9
Germany,Frankfurt,Townhouse,Low,Declining,1.16,53988,86317,138004,11.98,6.06,8.46,1.53,3.13
Brazil,Sao Paulo,Apartment,High,Booming,0.96,425365,619868,903310,9.15,2.86,7.78,3.19,8.93
USA,Saint Petersburg,Condo,Middle,Declining,0.99,430665,597540,829076,7.75,2.53,5.39,0.77,6.67
India,Mumbai,Villa,Middle,Booming,0.67,79704,98981,122920,4.84,2.67,8.27,3.82,3.65
Saudi Arabia,Dammam,Townhouse,Middle,Declining,1.16,285159,346401,420794,4.3,2.46,5.51,3.28,9.36
France,Lyon,Villa,High,Declining,0.35,82806,105294,133890,5.43,3.77,3.09,1.48,10.23
Australia,Melbourne,Apartment,Middle,Stable,1.14,232296,359678,556912,10.97,3.93,5.29,1.29,8.76
USA,Saint Petersburg,Townhouse,Middle,Declining,1.18,321572,400935,499885,4.94,5.89,2.11,3.61,7.53
India,Bangalore,Villa,Middle,Booming,0.7,313639,437097,609152,7.87,2.43,7.14,1.35,9.43
UK,Birmingham,Villa,Middle,Declining,1.04,411781,557501,754787,7.08,5.12,2.29,3.21,5.44
Italy,Naples,Condo,High,Booming,0.75,177923,199916,224626,2.47,5.78,1.49,3.12,5.86
Turkey,Izmir,Apartment,Middle,Stable,0.3,280008,301224,324047,1.52,3.66,7.36,0.72,10.55
China,Shenzhen,Apartment,Low,Stable,0.3,161071,234760,342162,9.15,3.9,1.92,1.76,5.43
Brazil,Brasilia,Apartment,Middle,Stable,1.06,191007,283437,420596,9.68,7.35,4.9,3.68,6.4
France,Lyon,Villa,Low,Declining,1.17,90180,128765,183858,8.56,4.96,4.49,2.71,9.33
India,Bangalore,Apartment,Middle,Declining,0.3,125129,180458,260252,8.84,6,9.69,3.16,11.56
Australia,Sydney,Condo,Low,Stable,0.93,184123,204000,226022,2.16,6.69,6.8,0.67,6.24
Mexico,Mexico City,Townhouse,Low,Declining,1.16,275181,354433,456510,5.76,4.75,2.88,1.79,6.33
India,Mumbai,Condo,Middle,Booming,0.35,395405,505754,646899,5.58,6.93,8.65,1.24,8.92
USA,Saint Petersburg,Townhouse,Low,Stable,0.73,446071,521304,609225,3.37,6.07,6.47,1.53,4.23
Saudi Arabia,Riyadh,Townhouse,Middle,Stable,0.89,382369,467865,572477,4.47,5.87,4.56,3,4.79
Australia,Melbourne,Townhouse,Low,Declining,1.1,179334,224577,281234,5.05,2.35,2,2.31,5.41
Australia,Melbourne,Condo,Low,Declining,1.05,56612,71246,89664,5.17,4.02,1.17,0.94,6.72
Russia,Los Angeles,Villa,High,Booming,0.74,231930,311254,417708,6.84,5.57,1.09,2.12,11.67
Japan,Osaka,Condo,High,Declining,0.77,354894,433512,529546,4.43,6.64,7.96,2.32,11.78
Brazil,Sao Paulo,Townhouse,Low,Declining,0.41,57626,84918,125133,9.47,6.84,2.08,1.43,3.16
Mexico,Monterrey,Villa,Low,Stable,0.56,397914,531167,709043,6.7,4.09,4.35,0.5,5.7
Brazil,Sao Paulo,Apartment,High,Booming,0.88,488387,740339,1122267,10.32,2.14,9.09,3.24,10.02
Spain,Valencia,Condo,Low,Stable,0.71,229102,278727,339100,4.33,2.39,3.05,1.36,7.36
Spain,Madrid,Condo,High,Declining,0.97,263214,284749,308046,1.64,7.75,9.48,3.25,11.92
Saudi Arabia,Jeddah,Villa,Low,Booming,0.79,483246,527503,575813,1.83,4.19,3.03,1.19,4.27
India,Delhi,Apartment,Middle,Booming,0.86,401595,549407,751625,7.36,2.88,8.3,2.73,6.49
Brazil,Brasilia,Townhouse,High,Stable,0.91,166957,207003,256654,4.8,7.5,3.61,2.14,11.01
Mexico,Mexico City,Villa,High,Booming,0.94,77991,88210,99767,2.62,2.05,6.68,2.07,4.21
Japan,Tokyo,Condo,Low,Booming,1.16,288347,341126,403566,3.66,5,7.12,0.77,5.47
Mexico,Mexico City,Villa,Middle,Stable,1.03,256849,346905,468536,7.01,4.6,1.4,1.08,7.01
Japan,Tokyo,Villa,Middle,Declining,0.49,72491,109751,166164,10.28,7.89,8.14,3.49,5.18
South Africa,Durban,Villa,Low,Stable,1.16,138617,218084,343108,11.47,7.97,7.41,3.93,8.13
Indonesia,Bandung,Condo,Middle,Declining,0.53,246648,339501,467309,7.53,2.44,6.6,3.93,4.71
Saudi Arabia,Jeddah,Condo,Middle,Declining,1.01,458554,719488,1128903,11.38,7.76,5.69,3.92,9.82
UK,Birmingham,Condo,Middle,Declining,0.45,264605,382376,552565,8.9,3.48,6.77,2.83,4.46
Indonesia,Surabaya,Apartment,High,Stable,0.81,397232,526091,696751,6.49,2.07,1.08,1.75,11.34
USA,Kazan,Townhouse,Low,Stable,0.51,335464,393211,460899,3.44,3.93,8.63,3.05,3.86
Germany,Munich,Apartment,Middle,Stable,0.69,63126,82979,109075,6.29,5.97,2.07,1.51,6.58
Italy,Naples,Apartment,Low,Declining,1.13,496965,534089,573986,1.49,6.57,4.35,1.87,9.79
South Korea,Seoul,Villa,Middle,Booming,1.13,477918,653513,893625,7.35,4.14,8.09,1.38,8.08
France,Lyon,Apartment,Low,Declining,0.62,345484,408438,482863,3.64,3.15,9.26,0.86,7.55
South Africa,Cape Town,Villa,Low,Declining,0.5,67518,72232,77275,1.4,3.05,8.8,1.49,11.55
Saudi Arabia,Riyadh,Condo,High,Booming,0.82,246476,337438,461969,7.38,5.1,7.83,1.49,6.18
Turkey,Izmir,Villa,Middle,Stable,1.1,475905,733326,1129987,10.82,4.52,8.02,2.17,7.48
Brazil,Brasilia,Apartment,Low,Declining,0.48,316009,364160,419649,3.05,3.99,8.7,1.22,3.64
France,Marseille,Condo,Middle,Booming,0.36,473353,628994,835812,6.58,4.46,8.3,3.43,5.99
Indonesia,Bandung,Apartment,Middle,Declining,0.92,397005,559800,789351,8.2,2.91,8.88,2.39,5.54
Japan,Tokyo,Condo,Low,Declining,0.68,66907,74958,83977,2.41,6.59,1,1.96,7.7
South Africa,Durban,Villa,Middle,Booming,0.35,487885,572957,672863,3.49,3.83,3.74,1.31,3.01
South Africa,Durban,Condo,Low,Stable,0.96,485080,569175,667848,3.47,5.98,7.68,3.47,6.8
Italy,Naples,Apartment,Low,Declining,0.57,196383,283173,408318,8.84,6.9,2.63,1.8,11.12
UK,Manchester,Apartment,High,Stable,1.03,493186,722437,1058253,9.3,4.36,6.32,2.81,3.71
Germany,Berlin,Townhouse,Low,Declining,0.79,369194,421630,481513,2.84,6.68,6.25,3.83,3.38
Australia,Melbourne,Villa,High,Stable,0.54,320699,389043,471951,4.26,6.29,7.83,0.86,7.62
Canada,Vancouver,Villa,Low,Stable,0.76,216176,337907,528186,11.26,6.97,7.27,3,7.16
India,Bangalore,Townhouse,High,Booming,1.13,362568,526064,763287,9.02,7.17,3.47,3.32,4.76
South Africa,Durban,Townhouse,Middle,Declining,0.61,201025,319265,507054,11.76,7.14,7.31,3.04,8.06
Indonesia,Surabaya,Townhouse,Low,Booming,1.15,273316,344183,433425,5.19,2.98,8.08,3.07,6.46
Japan,Osaka,Townhouse,High,Stable,0.32,427549,451611,477028,1.13,6.22,9.73,2.03,5.11
UK,Birmingham,Condo,Low,Booming,0.93,417708,564130,761878,7.01,7.8,1.47,2.27,9.47
Saudi Arabia,Jeddah,Condo,Middle,Declining,1.08,130665,194691,290090,9.8,5.32,4.57,0.96,10.79
Russia,Los Angeles,Villa,Low,Booming,0.44,189405,229090,277090,4.19,7.23,7.05,3.29,5.25
Japan,Osaka,Villa,High,Declining,0.86,307286,463404,698840,10.16,7.44,1.11,2.86,3.47
France,Paris,Townhouse,High,Stable,0.79,179435,218682,266514,4.37,4.12,6.59,1.67,9.59
Spain,Valencia,Apartment,Middle,Stable,0.66,80759,119609,177150,9.62,3.71,4.89,2.9,5.99
China,Shanghai,Apartment,Low,Booming,0.35,218264,342554,537621,11.39,5.85,7.04,2.71,4.79
Saudi Arabia,Riyadh,Villa,Middle,Booming,0.68,387923,428948,474311,2.12,3.67,3.49,2.01,11.82
Canada,Montreal,Condo,Middle,Booming,0.36,283415,325545,373938,2.97,7.82,2.02,1.91,9.64
Canada,Toronto,Apartment,High,Stable,0.93,240228,298024,369725,4.81,4.39,3.38,1.22,7.35
Canada,Vancouver,Townhouse,Middle,Booming,0.54,179358,253112,357196,8.22,7.81,6.43,0.77,3.68
Saudi Arabia,Riyadh,Condo,Middle,Stable,1.16,183781,202276,222632,2.01,5.59,6.61,2.77,5.41
Indonesia,Jakarta,Townhouse,Low,Booming,0.31,484257,575293,683443,3.76,6.06,7.36,2.64,5.82
Canada,Toronto,Villa,Low,Declining,0.54,318951,486831,743076,10.53,7.68,1.95,1.04,11.5
Turkey,Istanbul,Villa,Middle,Declining,0.96,447347,519571,603454,3.23,5.53,7.31,2.88,6.67
USA,Kazan,Apartment,High,Booming,0.31,312317,371409,441682,3.78,4.7,9.62,1.9,10.56
South Africa,Johannesburg,Villa,Low,Stable,0.47,352607,559712,888462,11.75,2.61,1.07,2.02,3.83
South Korea,Incheon,Apartment,Low,Stable,0.97,461547,594801,766527,5.77,3.55,4.91,3.03,3.08
France,Marseille,Townhouse,Middle,Booming,0.83,325981,456611,639588,8.01,3.45,7.43,0.82,4.79
Saudi Arabia,Jeddah,Condo,High,Declining,1.09,382425,404438,427717,1.15,3.49,2.93,1.45,5.23
Italy,Milan,Condo,Low,Booming,0.36,256523,372729,541577,9.06,5.64,7.06,0.78,11.56
South Korea,Busan,Condo,High,Booming,1.05,412291,619525,930924,10.05,7.6,5.9,1.2,8.55
Canada,Montreal,Condo,Low,Booming,0.97,382063,510740,682756,6.74,2.41,4.34,3.72,8.26
Italy,Milan,Condo,Low,Declining,0.78,170984,214183,268295,5.05,7.37,7,3.26,7.09
China,Beijing,Villa,Low,Booming,0.87,161773,232630,334522,8.76,4.57,4.98,2.77,11.43
Brazil,Brasilia,Villa,Middle,Declining,0.36,421134,509914,617409,4.22,4.66,1.2,1.55,7.52
Saudi Arabia,Jeddah,Condo,Middle,Booming,0.35,270993,422725,659413,11.2,2.63,7.88,1.93,8.9
UAE,Abu Dhabi,Condo,Middle,Booming,0.53,121772,138607,157770,2.77,2.42,2.67,2.82,10.94
Mexico,Monterrey,Condo,Low,Booming,1.03,358310,397989,442061,2.21,3.74,3.79,1.37,7.64
UK,London,Apartment,Low,Stable,0.78,210599,262108,326215,4.89,6.97,8.1,1.58,11.22
Spain,Valencia,Condo,Low,Declining,1.16,197034,245294,305375,4.9,5.03,9.47,3.57,3.92
Brazil,Rio de Janeiro,Condo,Middle,Declining,0.65,299017,396713,526328,6.53,3.16,8.73,2.87,10.54
Canada,Vancouver,Villa,High,Booming,1.07,386760,499526,645171,5.83,5.66,2.44,2.86,4.61
Germany,Berlin,Condo,Low,Stable,0.92,153319,170898,190492,2.29,2.99,1.02,3.02,9.59
Italy,Milan,Condo,High,Declining,0.76,122613,134379,147273,1.92,2.11,2.49,3.62,5.17
Mexico,Monterrey,Condo,Low,Declining,0.62,97405,114188,133863,3.45,5.12,6.47,1.36,3.52
Japan,Tokyo,Townhouse,Middle,Stable,0.65,155392,181925,212990,3.42,7.76,6.55,2.45,6.74
South Africa,Cape Town,Condo,Low,Booming,0.69,293407,420463,602539,8.66,6.21,2.55,2.25,6.71
UK,Manchester,Apartment,Middle,Booming,1.08,334139,448707,602558,6.86,2.69,6.45,0.91,6.03
South Africa,Cape Town,Townhouse,Low,Stable,0.43,361433,420505,489232,3.27,4.35,9.06,1.22,7.57
France,Lyon,Condo,High,Booming,0.68,58156,86421,128422,9.72,2.41,5.27,2.46,8.66
UAE,Sharjah,Condo,Middle,Stable,0.92,163973,173071,182675,1.11,6.34,5.82,3.43,10.39
South Korea,Busan,Villa,Low,Declining,1.06,268293,330938,408210,4.67,6.75,5.06,1.14,10.69
Russia,New York,Townhouse,Low,Booming,1.09,259839,283650,309642,1.83,4.33,8.23,3.66,4.83
Japan,Tokyo,Apartment,Middle,Booming,0.36,444808,562314,710862,5.28,5.25,9.71,0.73,8.83
China,Shenzhen,Condo,High,Declining,0.37,218961,326711,487485,9.84,4.6,9.97,2.46,5.89
China,Beijing,Apartment,High,Booming,0.5,207734,260684,327131,5.1,2.41,4.33,2.12,9.5
USA,Saint Petersburg,Condo,Low,Stable,0.89,368945,389089,410333,1.09,3.31,6.96,2.19,3.05
UK,Manchester,Townhouse,High,Stable,1.02,397764,537630,726678,7.03,2.4,7.9,2.54,10.04
Australia,Melbourne,Condo,High,Booming,0.98,411351,549114,733015,6.7,2.84,7.04,2.67,9.68
Australia,Melbourne,Villa,Middle,Declining,0.45,137739,212080,326545,10.79,6.5,9.17,3.16,8.37
Japan,Osaka,Apartment,High,Stable,0.89,450108,615902,842765,7.37,5.79,2.41,2.16,9.45
Germany,Berlin,Villa,High,Booming,0.54,141014,172405,210783,4.45,3.45,2.93,1.99,11.17
South Africa,Durban,Villa,Low,Declining,0.76,134564,146989,160561,1.85,6.18,4.45,3.38,8.94
South Africa,Johannesburg,Apartment,Middle,Booming,1.02,172376,246635,352884,8.62,3.58,9.45,2.73,5.92
Spain,Barcelona,Apartment,High,Declining,0.54,135917,194640,278735,8.64,3.31,6.36,1.43,8.96
Canada,Vancouver,Villa,Low,Booming,1.03,400111,587551,862800,9.37,3.13,1.8,2.95,6.32
UK,Manchester,Villa,Middle,Stable,0.69,64017,76357,91077,3.86,2.2,8.91,1.35,8.02
Saudi Arabia,Jeddah,Townhouse,Middle,Stable,0.34,350081,429783,527629,4.55,7.39,8.99,1.64,11.11
Indonesia,Surabaya,Condo,Low,Stable,1.2,421437,638342,966883,10.29,3.49,6.19,0.74,3.85
USA,Saint Petersburg,Apartment,Low,Declining,1.2,196988,287898,420763,9.23,6.84,8.72,3.99,5.17
South Africa,Johannesburg,Villa,High,Declining,0.34,235036,263604,295643,2.43,2.13,4.24,3.24,8.1
Indonesia,Surabaya,Villa,High,Declining,0.58,344454,405632,477677,3.55,2.09,7.88,2.68,9.86
Turkey,Istanbul,Townhouse,High,Booming,0.34,426704,593434,825312,7.81,5.38,6.62,3.53,8.28
Japan,Tokyo,Apartment,High,Stable,0.82,495806,726951,1065857,9.32,4.65,7.37,1.86,5.06
Brazil,Rio de Janeiro,Townhouse,High,Declining,0.84,467682,730064,1139649,11.22,4.05,5.75,1.24,11.96
South Africa,Cape Town,Apartment,Middle,Declining,1.18,342279,510827,762372,9.85,6.29,6.34,0.69,7.09
Saudi Arabia,Riyadh,Townhouse,Middle,Declining,0.91,354889,445463,559153,5.1,7.65,2.51,2.25,9.22
Canada,Vancouver,Apartment,Low,Booming,0.93,341888,410747,493474,4.03,2.94,6.72,2.6,4.61
USA,Moscow,Villa,Middle,Declining,0.93,254827,361159,511859,8.35,7.02,2.53,0.57,10.01
Canada,Toronto,Townhouse,High,Stable,0.85,364838,551265,832953,10.22,6.82,9.65,2.38,7.4
Australia,Sydney,Condo,Middle,Declining,0.66,119161,162647,222002,7.3,3.66,9.29,2.54,8.34
China,Beijing,Apartment,Low,Booming,0.62,73395,78346,83632,1.35,4.54,1.76,2.62,10.93
Italy,Milan,Villa,Middle,Booming,1.09,346570,404163,471325,3.32,7.18,8.97,1.19,9.64
China,Shanghai,Villa,Low,Booming,0.56,411188,657276,1050644,11.97,2.18,9.08,2.68,11.76
Mexico,Mexico City,Condo,Low,Declining,0.72,431325,467692,507127,1.69,4.01,1.6,3.91,10.35
South Korea,Seoul,Condo,Low,Declining,1.07,472084,517785,567911,1.94,4.31,1.64,1.24,5.06
UK,London,Townhouse,High,Booming,0.72,170853,188884,208819,2.11,3,2.33,3.91,9.83
UK,Manchester,Condo,Middle,Stable,1.17,247883,298229,358800,4.06,6.79,3.94,1.55,5.09
Spain,Valencia,Villa,Low,Stable,0.42,165408,206004,256563,4.91,6.04,1.56,1.24,10.28
Italy,Rome,Condo,High,Declining,0.43,204190,311505,475220,10.51,2.93,1.74,2.2,5.72
Spain,Madrid,Apartment,Middle,Stable,0.81,411712,463354,521473,2.51,5.48,5.55,1,8.62
Brazil,Rio de Janeiro,Condo,Low,Stable,0.55,269525,295198,323315,1.9,4.76,3.76,3.38,3.51
China,Shenzhen,Townhouse,Low,Stable,0.68,256294,371307,537932,8.98,5.45,7,3.22,10.76
France,Paris,Villa,Middle,Stable,0.58,292110,441688,667859,10.24,7.94,9.01,1.8,4.76
UK,Birmingham,Apartment,High,Declining,0.74,383739,506885,669551,6.42,4.9,8.54,1.76,10.74
India,Mumbai,Apartment,Low,Stable,0.67,197705,256956,333964,5.99,6.57,2.13,1.19,11.56
Australia,Brisbane,Apartment,High,Booming,0.46,305477,418083,572198,7.37,4.94,6.8,1.3,7.97
Mexico,Guadalajara,Condo,High,Stable,0.63,347750,392149,442215,2.55,5.43,2.67,1.48,4.97
Turkey,Ankara,Villa,Low,Declining,0.46,421570,508894,614305,4.14,7.56,9.73,2.5,4.29
South Korea,Seoul,Villa,Middle,Booming,0.64,408980,512069,641143,5.04,2.52,6.01,3.46,10.16
South Korea,Incheon,Apartment,Middle,Stable,0.46,352744,413161,483926,3.43,3.31,8.87,1.37,5.37
USA,Saint Petersburg,Apartment,High,Booming,0.3,441801,656484,975488,9.72,5.76,7.75,1.03,7.12
South Africa,Durban,Apartment,Middle,Booming,0.62,92199,121461,160009,6.35,7.52,1.36,1.52,4.87
China,Shanghai,Townhouse,Low,Declining,0.51,458796,599847,784262,6.15,4.8,7.85,1.04,7.39
France,Paris,Condo,High,Declining,0.69,318610,509698,815393,12,6.62,4.58,3.4,4.54
Brazil,Brasilia,Townhouse,High,Declining,0.33,142002,175688,217366,4.74,5.06,6.54,3.69,7.59
UAE,Sharjah,Townhouse,High,Declining,0.75,72609,77634,83006,1.38,5.31,4.94,3.44,4.45
Australia,Brisbane,Condo,High,Stable,0.32,252067,297594,351344,3.61,2.3,7.52,0.89,8.47
USA,Moscow,Townhouse,High,Booming,0.55,128073,161227,202962,5.18,6.81,4.53,3.13,4.13
Brazil,Rio de Janeiro,Villa,Middle,Stable,1,156620,222802,316951,8.45,5.39,9.36,1.86,3.6
Brazil,Rio de Janeiro,Apartment,Middle,Stable,0.32,422086,565007,756321,6.77,6.65,3.11,1.71,3.27
UAE,Sharjah,Townhouse,High,Booming,1.17,350541,547987,856648,11.27,3.59,6.5,2.87,5.86
USA,Kazan,Condo,Low,Booming,1.06,476223,731797,1124531,10.73,6.43,3.5,1.49,11.67
Brazil,Sao Paulo,Condo,High,Declining,0.31,372222,535418,770164,8.77,5.74,9.91,1.59,6.06
Brazil,Brasilia,Villa,Low,Booming,0.37,249259,297510,355101,3.87,4.06,8.51,3.77,4.67
Australia,Melbourne,Villa,Middle,Stable,0.64,467884,507183,549784,1.68,2.55,2.47,2.58,4.35
Russia,New York,Apartment,High,Stable,1.17,251022,332813,441255,6.52,3.48,5.24,2.82,9.76
Spain,Madrid,Villa,High,Declining,0.98,310051,479772,742399,10.95,6.9,7.81,0.69,3.06
UAE,Sharjah,Apartment,High,Booming,0.49,348586,444851,567700,5.52,4.41,8.96,3.63,11.18
USA,Saint Petersburg,Townhouse,Middle,Booming,0.58,360975,432953,519283,3.99,3.14,2.66,1.7,6.87
Australia,Melbourne,Townhouse,High,Stable,1.05,103951,151166,219828,9.08,5.19,3.59,2.22,5.7
Japan,Osaka,Townhouse,High,Stable,0.84,245230,279666,318937,2.81,2.7,5.92,3.66,6.1
Turkey,Istanbul,Townhouse,Low,Stable,0.96,346398,541196,845541,11.25,6.93,6.1,2.8,11.09
Indonesia,Surabaya,Apartment,Middle,Declining,0.66,197058,208082,219724,1.12,6.96,8.21,0.87,8.19
Brazil,Sao Paulo,Condo,Middle,Stable,0.72,103419,164365,261228,11.79,3.29,1.61,2.58,9.65
Turkey,Istanbul,Townhouse,High,Booming,0.33,346423,465163,624603,6.86,2.62,2.55,2.49,5.67
Japan,Tokyo,Villa,Middle,Booming,1.14,418433,665711,1059121,11.82,3.56,9.73,2.01,6.13
Mexico,Monterrey,Villa,Low,Booming,0.35,73744,105499,150928,8.61,4.75,3.04,2.65,5.28
France,Lyon,Condo,Low,Booming,0.82,211644,318091,478076,10.06,6.92,5.3,1.73,6.26
Italy,Milan,Condo,Middle,Stable,1.03,197681,230295,268289,3.3,2.51,5.2,2.19,10.57
Saudi Arabia,Dammam,Townhouse,Middle,Declining,0.5,221446,330978,494688,9.89,6.94,4.46,2.11,5.73
Canada,Montreal,Condo,Middle,Stable,1.14,103390,161656,252760,11.27,6.1,5.78,0.61,7.28
Brazil,Rio de Janeiro,Condo,Low,Stable,0.67,122548,172919,243993,8.22,7.83,6.06,3,3.62
Brazil,Brasilia,Townhouse,Middle,Stable,0.68,102361,141979,196930,7.74,7.63,6.96,0.77,6.19
Italy,Naples,Villa,Low,Booming,0.8,231443,349133,526669,10.17,6.89,6.51,1.81,5.3
Brazil,Brasilia,Townhouse,Low,Declining,0.4,209704,267843,342101,5.54,6.05,6.92,0.75,6.56
Spain,Barcelona,Apartment,Middle,Stable,0.46,120566,181453,273090,10.1,2.25,4.77,1.09,10.91
Canada,Vancouver,Villa,Middle,Booming,0.8,154121,204416,271125,6.53,6.39,9.62,1.27,10.98
UAE,Abu Dhabi,Villa,High,Declining,1.14,462389,647104,905607,7.99,5.78,4.63,3.13,7.78
Canada,Montreal,Condo,High,Declining,0.91,242806,352633,512137,9.05,6.95,2.32,3.42,7.86
Saudi Arabia,Jeddah,Townhouse,Low,Booming,1.06,244086,307175,386571,5.17,7.49,3.26,3.45,7.36
Indonesia,Jakarta,Apartment,High,Declining,0.76,188811,257759,351886,7.3,3.95,1.35,1.45,3.06
South Korea,Seoul,Apartment,Low,Declining,1.18,484586,614133,778313,5.35,6.37,4.11,2.85,10.25
South Korea,Busan,Apartment,Low,Booming,1.15,230096,340729,504556,9.62,3.6,9.91,0.59,8.43
Spain,Valencia,Condo,High,Stable,0.89,359621,401413,448063,2.32,7.63,2.63,2.68,5
Canada,Toronto,Townhouse,High,Booming,0.58,295906,378599,484401,5.59,2.96,2.54,1.96,9.82
Brazil,Brasilia,Townhouse,High,Booming,1.11,87857,111246,140860,5.32,2.6,1.15,2.82,8.42
UAE,Abu Dhabi,Townhouse,High,Declining,0.45,155216,165000,175402,1.26,7.01,9.77,0.97,5.08
Spain,Madrid,Villa,Low,Stable,1.08,466909,598014,765934,5.62,2.3,1.35,2.51,6.54
Germany,Frankfurt,Apartment,Middle,Declining,0.33,312464,330029,348582,1.12,6.72,3.76,0.64,8.3
Brazil,Brasilia,Townhouse,Low,Stable,0.66,488210,658747,888853,6.99,3.65,7.38,1.45,11.14
UAE,Abu Dhabi,Townhouse,Low,Stable,0.64,297441,320586,345533,1.56,4.56,8.49,3.32,5.02
Saudi Arabia,Riyadh,Apartment,High,Declining,0.5,417787,652467,1018970,11.23,2.57,5.05,1.68,10.84
UAE,Sharjah,Townhouse,Middle,Booming,0.38,145007,212269,310732,9.28,2.31,5.43,2.05,6.01
USA,Saint Petersburg,Condo,Low,Stable,0.66,288473,328500,374080,2.78,5.43,8.25,3.16,4.39
Russia,Los Angeles,Villa,High,Stable,0.43,170678,213108,266084,4.97,4.45,7.12,0.7,3.31
Mexico,Guadalajara,Villa,Middle,Booming,0.65,363724,420606,486385,3.13,5.85,3.34,3.6,11.06
Canada,Montreal,Condo,Middle,Booming,0.57,153497,195896,250006,5.52,3.44,7.05,3.39,9.06
USA,Saint Petersburg,Townhouse,Middle,Declining,1.04,228646,259737,295054,2.72,6.43,4.24,2.85,5.44
Japan,Tokyo,Apartment,Low,Stable,0.37,496662,564164,640839,2.72,7.93,9.8,3.28,8.93
Turkey,Istanbul,Townhouse,High,Stable,0.82,439746,531737,642972,4.18,4.81,6.57,1.94,6.85
Indonesia,Jakarta,Apartment,Low,Declining,0.6,303904,461271,700124,10.36,3.21,9.41,2.91,10.41
France,Marseille,Apartment,Middle,Declining,0.8,400783,424393,449394,1.18,6.91,1.36,3.61,11.93
China,Beijing,Condo,High,Stable,0.56,144643,212763,312964,9.42,3.52,8.79,0.86,4.13
Germany,Munich,Condo,Low,Stable,1.18,353228,535418,811580,10.32,3.95,7.09,2.58,8.43
France,Paris,Apartment,Middle,Booming,0.91,308912,397256,510864,5.72,3.66,7.92,1.29,9.23
UK,Birmingham,Villa,Middle,Stable,0.51,331399,484138,707274,9.22,3.31,1.54,0.96,8.45
USA,Kazan,Condo,High,Booming,1.06,70249,102126,148469,9.08,4.05,5.31,3.75,5.99
Russia,Los Angeles,Townhouse,High,Declining,0.72,56157,61485,67319,1.9,3.55,1.25,2.71,6.84
Spain,Barcelona,Apartment,High,Declining,0.79,128591,155951,189131,4.26,5.98,9.69,0.68,11.01
China,Beijing,Apartment,High,Stable,0.82,303764,402534,533419,6.5,2.42,1.81,2.6,6.07
Mexico,Monterrey,Condo,High,Stable,1.13,232966,262973,296845,2.58,6.29,3.64,2.34,9.28
Indonesia,Surabaya,Townhouse,Middle,Declining,1.11,406486,578023,821947,8.44,6.08,9.51,1.54,3.01
India,Mumbai,Apartment,High,Stable,0.54,148051,209346,296017,8.28,5.8,6.34,0.56,9.56
Spain,Valencia,Villa,Middle,Booming,0.59,349275,473658,642337,7.12,4.06,2.21,0.83,10.48
UAE,Dubai,Townhouse,Middle,Stable,1.13,342405,379004,419515,2.14,4.41,7.56,3.23,4.06
UK,Manchester,Townhouse,High,Declining,0.3,370462,461643,575266,4.92,3.53,1.12,2.39,10.66
Brazil,Rio de Janeiro,Villa,Middle,Booming,1.16,304585,405998,541177,6.66,2.51,5.94,1.83,8.46
Brazil,Sao Paulo,Townhouse,High,Declining,0.65,158135,174301,192120,2.04,3.89,1.87,1.12,11.89
South Africa,Durban,Apartment,Low,Stable,0.7,289342,442836,677755,10.61,7.97,6.24,3.34,5.94
Italy,Milan,Apartment,Middle,Stable,0.58,231217,328300,466146,8.4,6.09,3.84,0.97,8.69
South Africa,Cape Town,Townhouse,Low,Stable,0.42,310322,444189,635804,8.63,6.2,7.78,3.56,7.5
Italy,Rome,Villa,Low,Booming,0.96,328628,378793,436617,3.05,2.15,3.56,2.05,8.55
Russia,Chicago,Apartment,Middle,Booming,1.06,138311,154777,173203,2.38,7.78,1.97,2.17,8.27
Saudi Arabia,Riyadh,Townhouse,Low,Booming,0.79,88714,95933,103738,1.63,2.63,6.27,2.41,5.1
Germany,Frankfurt,Townhouse,Low,Stable,0.87,419030,449564,482324,1.46,4.99,7.2,1.38,5.77
UAE,Dubai,Condo,High,Stable,0.85,454071,679044,1015482,9.91,5.5,7.57,1.78,8.77
India,Mumbai,Apartment,Low,Stable,0.72,135471,194531,279338,8.72,5.34,4.23,3.69,3.19
Germany,Munich,Condo,Low,Stable,0.58,75597,111247,163710,9.43,6.21,3.98,2.86,6.56
Mexico,Mexico City,Condo,High,Booming,0.98,254383,324784,414669,5.54,7.61,3.26,0.92,8.26
China,Beijing,Townhouse,High,Stable,1.17,220028,238536,258602,1.68,4.04,5.55,1.07,8.92
Canada,Toronto,Condo,Middle,Booming,1.2,253283,315363,392658,4.9,4.4,2.04,3.59,6.73
USA,Moscow,Apartment,Middle,Declining,0.65,346861,448532,580005,5.86,5.89,1.55,3.35,11.46
UAE,Dubai,Condo,Low,Booming,0.88,479555,543473,615912,2.67,4.86,6.42,2.54,6.61
China,Shanghai,Apartment,Middle,Stable,0.6,107071,135494,171462,5.31,2.98,7.61,1.23,3.53
UAE,Dubai,Villa,Middle,Stable,0.8,317853,486173,743627,10.59,5.46,4.11,3.31,7.86
Japan,Yokohama,Villa,Middle,Stable,0.37,304633,472001,731323,10.99,4.38,3.67,1,4.36
Italy,Naples,Villa,Low,Booming,0.69,318056,348061,380896,1.89,7.64,7.8,2.55,10.46
Japan,Yokohama,Townhouse,Middle,Booming,0.37,264577,369496,516020,7.93,6.97,8.05,1.47,11.47
Australia,Brisbane,Villa,Middle,Booming,0.41,443810,703003,1113569,11.68,3.06,7.5,0.64,6.65
India,Bangalore,Townhouse,Middle,Stable,0.76,311290,487096,762192,11.3,6.03,5.33,3.33,11.55
UAE,Abu Dhabi,Villa,Low,Booming,0.32,492135,540055,592642,1.95,6.89,3.52,0.96,6.96
Spain,Barcelona,Villa,Low,Declining,0.88,221428,239145,258279,1.6,5.6,9.12,1.84,4.95
Germany,Frankfurt,Condo,Low,Declining,0.7,71763,107736,161740,10.03,6.96,6.29,1.74,10.2
USA,Kazan,Townhouse,High,Booming,0.8,421670,589200,823290,7.95,6.71,6.39,1.95,11.62
Germany,Munich,Apartment,Middle,Stable,0.79,322290,377488,442140,3.43,5.75,6.14,1.15,3.54
Brazil,Sao Paulo,Apartment,High,Booming,0.84,393662,526668,704614,6.76,3.36,7,0.78,6.98
South Africa,Durban,Apartment,Middle,Stable,0.45,133007,154455,179363,3.23,4.32,1.46,1.89,7.61
Japan,Yokohama,Villa,High,Declining,0.73,222253,335942,507787,10.23,2.87,5.55,0.72,3.64
Germany,Munich,Townhouse,Middle,Declining,0.82,304708,467093,716015,10.66,5.35,9.64,0.67,3.88
France,Marseille,Villa,High,Booming,0.34,133375,179749,242247,6.95,5.87,1.41,3.81,10.58
South Africa,Johannesburg,Condo,High,Declining,0.57,84734,96889,110786,2.87,2.76,2.11,2.31,5.21
Japan,Tokyo,Apartment,High,Stable,0.62,495277,706450,1007661,8.53,7.69,2.28,1.84,7.99
Brazil,Brasilia,Townhouse,High,Stable,0.37,51884,73610,104434,8.37,5.85,4.7,2.21,6.74
Germany,Berlin,Apartment,Middle,Declining,0.32,200917,230531,264511,2.95,2.59,9.61,2.6,9.56
India,Mumbai,Townhouse,Middle,Stable,0.58,226916,267831,316123,3.61,2.58,2.61,3.29,9.1
Japan,Yokohama,Townhouse,Middle,Stable,0.79,263790,410811,639772,11.15,2.44,3.53,1.72,10.04
China,Shanghai,Apartment,Low,Booming,1.19,158302,242339,370990,10.62,6.98,3.02,1.9,6.69
Russia,Chicago,Apartment,High,Stable,1.18,131401,195727,291543,9.79,4.01,7.58,1.97,8.21
Australia,Sydney,Condo,Low,Booming,1.05,411875,628740,959792,10.53,2.36,7.23,0.99,6.74
Canada,Montreal,Villa,Middle,Stable,0.79,231233,308878,412594,6.72,7.98,2.22,2.86,6.56
Australia,Sydney,Apartment,Middle,Stable,0.42,121432,190903,300118,11.44,7.28,9.16,3.97,4.87
UAE,Sharjah,Condo,High,Booming,0.62,351149,462144,608223,6.32,4.51,4.22,2.58,8.18
USA,Saint Petersburg,Villa,High,Declining,0.45,262283,355238,481138,7.09,5.42,2.89,3.1,3.23
Australia,Brisbane,Apartment,High,Stable,0.62,401096,545547,742021,7.2,3.57,7.25,2.49,10.17
China,Beijing,Townhouse,Low,Booming,0.96,324549,427917,564207,6.37,2.8,3.35,1.97,8.39
Turkey,Izmir,Condo,High,Declining,0.76,179683,189306,199444,1.07,4.98,3.57,3.07,3.22
Germany,Berlin,Townhouse,Low,Stable,0.83,473663,542783,621988,2.92,4.83,1.82,2.69,7.95
France,Marseille,Condo,High,Stable,0.67,284620,439201,677738,10.86,3.18,1.2,3.52,8.19
South Africa,Durban,Villa,High,Stable,1.1,318625,476532,712696,9.91,4.58,7.75,3.7,8.15
Italy,Rome,Condo,High,Declining,0.46,170959,198185,229747,3.19,3.48,3.76,2.44,8.29
Germany,Frankfurt,Condo,Low,Stable,0.68,326939,357955,391913,1.9,2.53,2.55,2.31,4.93
South Korea,Seoul,Apartment,High,Stable,0.55,230141,344412,515421,9.93,2.08,6.84,2.84,10.19
Italy,Naples,Townhouse,Low,Stable,1.14,59062,67011,76029,2.69,7.32,5.13,2.48,8.97
Brazil,Rio de Janeiro,Townhouse,Middle,Declining,0.91,469283,750066,1198847,11.97,6.32,3.58,3.58,3.44
Indonesia,Surabaya,Townhouse,Middle,Declining,0.51,453824,540461,643638,3.82,3.32,2.24,3.51,7.5
Italy,Rome,Townhouse,High,Booming,0.91,157580,231157,339090,9.34,6.56,3.81,1.94,4.89
UAE,Abu Dhabi,Apartment,Low,Booming,1.18,340521,532575,832947,11.28,3.82,8.04,3.18,9.22
Mexico,Guadalajara,Villa,High,Booming,1.17,227100,254782,285839,2.44,6.03,7.56,2.51,4.86
Germany,Munich,Apartment,Low,Stable,0.75,190485,244794,314586,5.7,5.87,7.71,1.31,6.65
Spain,Valencia,Villa,Low,Stable,0.54,139384,206409,305663,9.62,7.46,4.33,3.13,11.07
Canada,Vancouver,Apartment,Low,Booming,1.06,132266,208446,328503,11.52,4.26,4.05,0.72,7.38
China,Shanghai,Townhouse,Low,Booming,0.4,161843,198147,242595,4.49,6.85,8.88,1.56,10.73
South Korea,Seoul,Condo,High,Declining,1.07,394093,445594,503825,2.61,6.14,9.51,2.89,5.98
Indonesia,Surabaya,Villa,High,Declining,0.75,340576,453244,603183,6.62,2.72,3.81,3.31,10.75
Germany,Berlin,Villa,Low,Stable,0.42,478574,589054,725039,4.62,5.97,7.77,3.34,11.51
UK,Birmingham,Villa,Low,Booming,0.58,436328,489747,549705,2.45,6.23,7.68,2.87,5.27
Mexico,Guadalajara,Townhouse,High,Declining,1.09,125986,136002,146814,1.59,6.3,5.28,3.47,6.45
Russia,Los Angeles,Townhouse,High,Declining,0.45,426399,576449,779301,7.04,3.14,7.48,2.29,8.44
Canada,Vancouver,Condo,High,Stable,0.71,422919,637026,959526,10.13,6.26,1.95,3.44,9.04
Canada,Toronto,Townhouse,Middle,Stable,0.93,213342,327183,501768,10.67,6.35,2.01,1.93,10.98
UK,Manchester,Condo,High,Declining,0.34,482637,687053,978048,8.47,5.79,3.44,1.37,11.48
Turkey,Izmir,Villa,Middle,Declining,0.57,398977,505192,639683,5.32,2.84,1.1,2.4,11.78
France,Paris,Apartment,Middle,Booming,0.63,210737,261155,323637,4.79,5.12,4.97,3.58,7.55
Canada,Toronto,Villa,Middle,Booming,0.76,112267,178562,284004,11.81,3.5,1.66,2.82,8.36
Japan,Yokohama,Condo,High,Stable,0.67,239987,355608,526935,9.64,3.17,8.38,2.77,6.77
South Africa,Johannesburg,Condo,Middle,Stable,0.71,165491,242223,354533,9.27,5.08,3.89,2.59,11.96
Japan,Yokohama,Villa,Low,Booming,0.69,464311,575634,713648,4.8,2.33,2.84,1.97,4.98
Canada,Toronto,Condo,High,Stable,0.3,461751,699152,1058610,10.28,6.45,2.51,0.92,3.61
China,Shanghai,Villa,Middle,Declining,0.95,467964,602173,774873,5.74,2.71,5.61,1.72,6.37
Indonesia,Bandung,Condo,Middle,Booming,0.86,373423,414810,460785,2.22,2.21,9.95,1.31,3.48
Germany,Frankfurt,Townhouse,Low,Stable,0.47,67531,85460,108150,5.31,6.81,4.07,2.05,9.08
Germany,Frankfurt,Townhouse,Low,Declining,0.76,437651,667995,1019573,10.53,2.06,8,2.11,11.9
Indonesia,Surabaya,Townhouse,High,Stable,0.73,494103,723868,1060476,9.3,3.49,5.85,3.97,10.72
Australia,Sydney,Apartment,High,Declining,0.39,367867,456181,565696,4.8,2.04,4.63,1.32,10.37
Brazil,Sao Paulo,Apartment,High,Stable,0.6,422386,443644,465972,1.01,3.85,3.17,1.32,3.61
India,Bangalore,Apartment,Middle,Stable,0.47,299997,363071,439407,4.2,4.5,4.39,3.57,11.15
USA,Kazan,Condo,Middle,Stable,0.74,198570,220163,244103,2.17,7.72,1.54,1.54,5.68
USA,Moscow,Apartment,Middle,Stable,0.59,123929,183507,271725,9.61,2.73,6.71,0.93,3.63
USA,Kazan,Condo,Middle,Stable,1.12,135558,203566,305692,10.03,5.27,1.7,3.84,5.22
Spain,Valencia,Condo,Middle,Declining,1.07,125965,191424,290901,10.39,2.08,5.61,3.19,11.41
Australia,Sydney,Villa,High,Declining,1.12,418831,644374,991373,10.77,3.2,3.56,1.51,6.39
Mexico,Monterrey,Villa,Low,Stable,0.65,295050,335747,382058,2.76,6.15,2.51,1.59,7.53
UK,Manchester,Apartment,Middle,Declining,1.02,382761,537796,755627,8.1,2.93,5.92,0.81,6.4
Brazil,Sao Paulo,Condo,Middle,Stable,0.67,67915,81545,97911,4.01,7.73,9.58,1.73,3.39
USA,Saint Petersburg,Apartment,High,Booming,0.46,226498,355892,559205,11.43,2.85,7.87,0.88,11.83
Mexico,Guadalajara,Townhouse,Low,Declining,0.64,398856,493953,611723,4.77,5.77,2.73,1.01,11.44
Italy,Naples,Condo,Middle,Declining,1.13,449361,626404,873200,7.88,6.85,1.62,1.67,5.82
Turkey,Istanbul,Apartment,High,Declining,0.87,210181,237857,269178,2.63,5.58,8.33,1.84,4.19
Indonesia,Bandung,Apartment,High,Stable,0.48,156867,190585,231550,4.3,5.86,6.41,2.94,6.26
Canada,Montreal,Condo,Low,Booming,1.04,141839,185522,242658,6.16,6.81,2.62,0.88,10.95
Australia,Melbourne,Townhouse,High,Stable,0.61,357742,380616,404953,1.28,6.14,3.84,0.7,8.49
UAE,Dubai,Villa,Middle,Stable,0.52,224063,245197,268324,1.89,2.88,3.68,0.81,11.2
Japan,Tokyo,Townhouse,Low,Stable,0.31,267737,299273,334523,2.36,3.85,9.33,1.07,11.69
Indonesia,Surabaya,Townhouse,Low,Stable,0.49,383705,518259,699999,7.01,7.31,5.99,2.37,4.76
India,Mumbai,Townhouse,Middle,Booming,0.45,462420,568921,699949,4.61,4.23,7.84,1.69,11.57
India,Bangalore,Townhouse,High,Declining,0.96,318843,489262,750769,10.69,2.3,3.31,2.13,5.04
Indonesia,Surabaya,Villa,Middle,Declining,0.97,463644,594889,763286,5.66,4.05,9.65,2.06,7.4
Russia,New York,Condo,Low,Booming,0.62,459297,625987,853174,7.26,6.57,8.31,1.7,6.9
India,Delhi,Townhouse,Low,Declining,1.06,213465,317351,471794,9.73,7.65,6.61,3.1,10.25
India,Delhi,Condo,Low,Stable,1.06,227774,245585,264788,1.56,4.41,7.06,2.08,9.74
Saudi Arabia,Jeddah,Apartment,High,Stable,0.62,335635,386830,445833,3.05,6.5,5.91,1.21,5.63
India,Delhi,Villa,Low,Booming,0.97,267171,312274,364991,3.38,7.8,7.44,3.85,6.84
UK,Manchester,Condo,High,Stable,0.73,454080,607912,813858,6.78,6.24,3.27,2.06,4.11
USA,Kazan,Condo,Middle,Stable,0.49,50425,54035,57903,1.43,7.86,3.18,2.82,10.55
Canada,Montreal,Apartment,Middle,Stable,0.8,118915,172482,250179,9.01,5.6,7.58,3.19,11.78
USA,Kazan,Townhouse,High,Stable,0.82,203739,286590,403133,8.13,2.41,9.08,0.92,5.95
South Africa,Cape Town,Apartment,Middle,Stable,1.03,318791,403748,511347,5.33,4.84,8.69,1.69,10.83
UK,Manchester,Apartment,High,Booming,0.38,399559,605792,918473,10.32,3.09,4.87,1.08,9.36
France,Lyon,Villa,Low,Stable,0.78,335896,388990,450477,3.16,3.27,1.37,1.63,8.04
Germany,Berlin,Townhouse,Low,Booming,1.07,350117,451465,582150,5.79,7.72,7.47,3.76,7.75
Italy,Rome,Apartment,Middle,Declining,0.53,73772,106921,154966,8.99,2.73,3.72,2.36,8.08
Turkey,Ankara,Apartment,High,Declining,0.84,124815,157124,197796,5.18,5.7,9.73,3.05,11.3
South Korea,Busan,Villa,High,Booming,0.99,316273,365489,422363,3.11,6,6.61,2.61,7.41
South Africa,Johannesburg,Villa,Low,Declining,0.78,200499,267791,357668,6.71,3.19,8.25,1.15,3.76
Saudi Arabia,Riyadh,Condo,Low,Declining,0.69,346238,446905,576840,5.81,3.66,6.02,1.71,11.4
UK,Birmingham,Apartment,High,Declining,1.13,276067,339656,417891,4.61,6.42,1.33,2.16,6.03
UK,Manchester,Apartment,Low,Declining,1.13,55401,75016,101575,7.08,6.44,5.37,0.8,11.75
Canada,Vancouver,Villa,Middle,Stable,0.77,326384,385177,454561,3.6,4.9,4.86,0.76,3.96
France,Marseille,Apartment,High,Booming,1.05,157919,182748,211481,3.14,5.03,7.92,0.72,8.19
USA,Saint Petersburg,Apartment,High,Stable,0.41,66407,71654,77316,1.58,7,2.06,0.66,6.94
France,Paris,Townhouse,Low,Stable,1.06,168084,215474,276225,5.64,2.24,5.04,2.52,8.14
UK,Manchester,Apartment,High,Booming,0.6,191990,212848,235973,2.17,4.2,1.9,3.18,11.7
China,Beijing,Villa,Low,Declining,1.17,439282,606401,837097,7.61,6.21,3.57,2.71,7.1
India,Bangalore,Apartment,Middle,Stable,0.73,390999,471176,567793,4.1,3.91,9.32,0.7,7.37
Italy,Naples,Apartment,High,Booming,1.12,324663,438466,592158,7.01,3.5,4.09,3.48,8.03
UK,London,Apartment,Low,Stable,0.76,94811,100387,106292,1.18,7.78,4.39,2.61,3.72
Russia,Los Angeles,Condo,Low,Stable,0.91,469655,641838,877146,7.33,2.76,6.24,3.18,6.66
Mexico,Monterrey,Condo,Middle,Stable,1.09,341907,528106,815705,10.89,5.74,2.18,1.58,4.82
Canada,Montreal,Apartment,Low,Booming,1.12,392180,557687,793042,8.44,3.81,2.66,3.15,7.27
Saudi Arabia,Dammam,Villa,High,Stable,0.5,327480,351119,376464,1.44,3.96,5.22,1.02,11.86
Spain,Valencia,Villa,Middle,Declining,0.49,108659,126256,146702,3.24,6.61,4.83,2.48,3.19
USA,Saint Petersburg,Townhouse,Middle,Stable,0.33,250621,375722,563267,9.98,7.31,1.78,2.38,11.22
France,Paris,Apartment,Low,Declining,0.65,423305,475597,534348,2.47,7.61,7.76,3.79,9.09
Spain,Barcelona,Townhouse,Low,Booming,0.63,472182,567355,681712,4.03,3.99,7.31,3.18,11.36
USA,Saint Petersburg,Villa,Low,Declining,0.48,409099,595730,867503,9.12,2.38,4.49,1.49,5.74
Saudi Arabia,Jeddah,Apartment,Middle,Booming,1.18,339250,490122,708089,8.89,7.86,4.39,3.31,6.91
China,Shenzhen,Villa,Middle,Booming,1.08,131296,206296,324137,11.42,3.31,3.94,3.15,6.54
South Korea,Busan,Condo,Middle,Booming,0.85,250058,364661,531786,9.17,3.37,1.53,1.55,7.27
Turkey,Izmir,Apartment,Middle,Declining,0.45,209659,266265,338154,5.4,2.34,6.25,3.6,4.37
France,Marseille,Villa,Low,Stable,0.84,349133,447111,572586,5.61,6.21,4.7,2.27,3.07
Turkey,Istanbul,Condo,High,Stable,0.92,347604,372326,398806,1.42,4.21,9.81,1.97,7.52
Russia,New York,Villa,High,Declining,1.12,372768,510744,699790,7.4,6.79,8.78,2.1,7.28
Italy,Rome,Villa,Middle,Declining,0.65,485018,695245,996592,8.67,2.5,8.77,2.18,3.62
Saudi Arabia,Dammam,Villa,High,Declining,0.79,237724,364374,558499,10.66,3.22,8.44,2.45,3.49
China,Shanghai,Condo,High,Booming,1.17,280677,339614,410927,4.2,4.82,8.72,1.57,4.73
Brazil,Brasilia,Villa,Low,Declining,0.42,184037,272195,402584,9.58,4.83,3.05,1.08,5.99
Spain,Valencia,Apartment,High,Declining,1.15,204362,325644,518904,11.87,4.91,2.61,3.62,7.14
Germany,Frankfurt,Apartment,High,Booming,0.94,492670,530900,572096,1.55,2.58,7.48,1.49,4.66
Italy,Milan,Condo,Middle,Declining,0.34,59831,88309,130341,9.52,2.81,5.21,2.62,6.86
Indonesia,Bandung,Condo,Low,Stable,0.32,402576,425032,448742,1.12,6.57,9.04,2.01,7.82
Canada,Montreal,Apartment,Middle,Declining,0.73,225144,346290,532623,10.76,7.36,4.02,2.65,11.34
Australia,Brisbane,Apartment,High,Booming,1.17,279032,362477,470877,5.98,3.67,9.63,1,8.22
South Korea,Seoul,Townhouse,High,Stable,0.55,175554,223433,284370,5.45,7.99,1.49,2.52,3.74
Italy,Naples,Condo,High,Stable,0.44,247803,329765,438836,6.62,3.55,3.85,0.8,5.73
UAE,Abu Dhabi,Apartment,High,Stable,1.17,475118,586383,723704,4.68,5.43,9.19,0.52,10.3
Mexico,Monterrey,Condo,Low,Booming,1.15,91097,103740,118139,2.78,7.76,5.84,0.55,5.32
Germany,Berlin,Condo,Low,Declining,0.7,361809,525795,764105,9.06,7.97,3.59,2.38,7.8
UAE,Abu Dhabi,Townhouse,Low,Declining,0.67,126123,200233,317890,11.75,7.12,5.48,2.61,5.05
Canada,Montreal,Villa,Low,Booming,0.79,362737,483652,644873,6.67,7.94,6.5,1.8,9.95
Brazil,Sao Paulo,Townhouse,High,Booming,0.45,223032,276744,343392,4.82,4.59,8.04,2.19,10.15
Japan,Osaka,Townhouse,Low,Booming,0.82,203931,304977,456089,9.91,3.43,3.02,2.27,5.35
Japan,Tokyo,Apartment,High,Stable,0.31,341734,454883,605495,6.62,4.67,9.7,2.5,10.77
Australia,Brisbane,Villa,High,Stable,0.43,306143,467599,714206,10.55,5.5,7.46,1.8,3.83
Brazil,Brasilia,Condo,High,Booming,0.71,227516,347390,530424,10.54,3.46,9.7,3.85,5.23
UK,Manchester,Condo,Middle,Declining,0.61,453000,716484,1133221,11.63,4.66,3.89,2.34,9.19
Indonesia,Bandung,Townhouse,High,Declining,0.55,381413,411320,443572,1.57,2.3,4.48,1.74,5.84
Brazil,Brasilia,Condo,Low,Booming,0.74,194330,224595,259574,3.11,3.86,9.77,1.94,7
Australia,Melbourne,Villa,High,Booming,0.82,492503,582573,689114,3.66,6.09,7.44,2.63,3.8
Germany,Munich,Townhouse,High,Stable,0.91,78843,108636,149687,7.56,6.44,2.9,3.45,3.27
Canada,Vancouver,Apartment,Middle,Stable,1.06,257148,300779,351813,3.39,2.8,9.58,0.75,4.79
Indonesia,Bandung,Townhouse,High,Stable,0.61,329106,444174,599476,6.99,2.75,3.61,1.34,4.92
Germany,Frankfurt,Condo,High,Stable,0.67,366814,429026,501788,3.39,4.2,4.52,3.92,11.59
South Korea,Busan,Condo,Middle,Stable,1.02,158747,172624,187715,1.75,3.9,3.4,2.27,10
USA,Saint Petersburg,Condo,Middle,Declining,1.07,430189,536799,669829,4.96,6.12,3.82,0.71,9.31
South Korea,Busan,Villa,Middle,Stable,0.31,234132,288254,354886,4.62,6.16,7.9,1.56,10.3
France,Paris,Townhouse,Middle,Booming,0.56,250847,363693,527304,9,6.16,9.89,1.29,8.96
Canada,Montreal,Villa,Middle,Booming,0.85,461794,524598,595943,2.72,6.51,6.11,1.46,7.27
Germany,Berlin,Condo,Low,Declining,0.6,310691,478138,735831,10.78,5.42,6.69,2.32,3.46
UAE,Abu Dhabi,Townhouse,High,Booming,0.51,271401,331280,404370,4.41,3.09,5.54,1.63,5.32
South Africa,Durban,Condo,Middle,Booming,0.72,109978,171594,267732,11.21,7.21,7.37,0.87,9.98
Turkey,Istanbul,Condo,High,Declining,1.03,395494,440059,489645,2.25,5.86,8.51,2.52,8.82
Germany,Berlin,Villa,Middle,Booming,0.71,287918,307758,328965,1.38,5.83,1.73,2.02,5.63
Saudi Arabia,Riyadh,Townhouse,High,Stable,0.79,110037,157398,225142,8.61,6.77,2.47,0.87,4.31
UK,Manchester,Apartment,High,Booming,1.09,287685,376003,491433,6.14,2.64,6.85,3.54,10.45
Mexico,Monterrey,Apartment,High,Booming,0.86,83875,93254,103682,2.24,2.3,3.32,0.97,5.34
Turkey,Istanbul,Condo,Middle,Declining,0.65,474342,657299,910824,7.71,7.01,7.39,0.89,9.62
USA,Saint Petersburg,Apartment,Low,Stable,0.55,337599,417788,517025,4.75,7.99,3.37,1.48,11.38
France,Marseille,Condo,Middle,Booming,0.32,363510,526700,763152,8.98,7.02,9.77,3.91,3.59
Saudi Arabia,Jeddah,Townhouse,Low,Declining,1.04,340839,479233,673820,8.12,2.77,6.85,3.94,11.21
Saudi Arabia,Riyadh,Condo,Low,Stable,0.7,67977,84921,106088,4.99,6.96,7.31,2.11,3.5
Spain,Barcelona,Townhouse,Middle,Stable,0.68,261061,407440,635893,11.21,5.85,3.8,2.34,3.59
Saudi Arabia,Riyadh,Villa,Middle,Booming,1.18,212027,278355,365432,6.26,4.13,7.14,2.82,9.44
South Africa,Cape Town,Apartment,Low,Stable,0.54,192051,214883,240430,2.38,5.93,1.36,2.59,10.83
Mexico,Monterrey,Apartment,Middle,Declining,1.1,252067,328347,427710,6.05,2.46,7.04,3.37,5.2
Australia,Sydney,Condo,High,Booming,0.68,427478,655074,1003846,10.65,3.46,5.96,1.17,3.92
Russia,Los Angeles,Villa,High,Declining,1.12,419228,615435,903471,9.36,2.29,8.59,2.03,6.08
UK,Birmingham,Townhouse,Middle,Booming,0.79,91109,133580,195849,9.32,5.49,2.68,1.16,4.66
Japan,Osaka,Villa,Middle,Booming,0.35,314509,475598,719196,10.24,2.1,1.44,2.5,10.38
UAE,Sharjah,Townhouse,Low,Booming,0.59,207326,285694,393684,7.56,3.65,1.24,3.07,8.63
South Africa,Durban,Condo,Middle,Booming,0.82,383758,545465,775311,8.43,3.24,4.17,0.94,4.17
Saudi Arabia,Riyadh,Apartment,High,Stable,0.91,436370,689248,1088669,11.59,5.77,2.66,0.87,10.32
India,Mumbai,Condo,High,Declining,0.82,328228,485714,718761,9.6,6.22,8.51,0.7,9.73
India,Bangalore,Townhouse,High,Stable,1.07,178761,250667,351496,8.04,3.88,9.62,0.62,8.22
China,Beijing,Villa,Low,Stable,0.45,370499,424866,487211,2.93,3.41,5.45,3.7,4.91
Australia,Sydney,Condo,High,Stable,0.43,391540,518923,687750,6.51,7.47,2.32,2.76,5.1
South Africa,Cape Town,Condo,High,Booming,0.44,357543,492168,677482,7.53,6.53,3.79,2.07,6.65
Australia,Melbourne,Townhouse,High,Declining,1.19,181512,220020,266697,4.24,4.13,6.08,1.38,11.24
UK,London,Apartment,High,Booming,0.54,453117,501560,555183,2.14,5.94,9.16,1.09,11.71
India,Bangalore,Townhouse,High,Booming,0.71,475572,676382,961986,8.45,3.81,2.69,1.56,3.84
Russia,Chicago,Townhouse,High,Booming,0.43,97097,124539,159736,5.65,6.77,2.27,0.96,8.79
France,Lyon,Villa,Middle,Booming,0.48,93925,107240,122443,2.84,7.54,8.39,1.74,8.9
India,Delhi,Villa,High,Booming,0.78,354706,505622,720749,8.51,5.77,3.39,0.64,7.1
Russia,New York,Apartment,Low,Booming,1.1,306274,461804,696315,10.16,7.95,2.47,2.92,9.07
Brazil,Brasilia,Villa,Middle,Declining,1.18,493520,704586,1005918,8.55,3.46,8.19,0.87,10.03
Saudi Arabia,Riyadh,Condo,Low,Declining,1.12,222275,310485,433700,7.94,4.58,4.94,1.59,9.86
USA,Moscow,Condo,Low,Declining,1.14,473338,542507,621783,2.92,7.25,7.64,1.38,3.61
Brazil,Rio de Janeiro,Condo,Low,Declining,0.54,460494,643885,900310,7.96,6.33,3.31,3.02,3.25
Australia,Sydney,Villa,Low,Declining,0.64,332039,375321,424246,2.61,6.94,3.12,2.78,6.65
Indonesia,Jakarta,Villa,Middle,Stable,0.84,98353,104185,110364,1.19,7.46,3.43,3.37,11.99
France,Paris,Condo,High,Booming,0.49,169327,239525,338826,8.29,7.79,9.24,2.26,10.16
Australia,Brisbane,Condo,Low,Stable,0.42,489847,774152,1223465,11.61,2.98,3.69,0.85,5.45
China,Shanghai,Townhouse,Middle,Booming,1.03,220242,241962,265824,1.97,4.05,9.83,2.7,6.75
Australia,Brisbane,Villa,Low,Booming,0.45,493780,741394,1113178,10.03,3.69,1.63,0.7,4.08
France,Paris,Apartment,High,Booming,0.82,467944,619187,819314,6.46,7.06,5.01,2.98,9.59
Turkey,Ankara,Villa,Middle,Stable,0.46,212547,297676,416900,8.01,2.42,4.25,2.37,11.97
Brazil,Rio de Janeiro,Apartment,Middle,Booming,0.73,417226,537235,691764,5.75,6.78,6.36,3.6,6.7
Mexico,Guadalajara,Villa,High,Stable,0.84,333508,426744,546045,5.59,2.87,1.84,0.56,10.86
South Africa,Durban,Villa,High,Booming,0.51,145178,211208,307269,9.1,3.92,5.55,1.07,11.64
UAE,Dubai,Villa,Low,Declining,1.07,438705,558790,711745,5.47,6.57,2.29,0.53,3.18
Germany,Munich,Apartment,Low,Stable,0.83,254928,340305,454276,6.7,2.04,4.8,3.01,6.98
India,Mumbai,Apartment,Low,Stable,0.96,154859,231859,347145,9.94,5.53,2.9,1.33,8.65
France,Paris,Condo,High,Declining,1.05,237033,282558,336828,3.84,7.2,7.02,2.07,7.39
Saudi Arabia,Dammam,Apartment,Middle,Stable,0.48,332061,414183,516614,4.95,7.97,5.32,2.2,8.09
Germany,Munich,Townhouse,Middle,Declining,1.13,410368,532708,691519,5.96,6.31,6.28,2.22,4.73
Mexico,Monterrey,Condo,High,Declining,0.72,160618,249467,387462,11.06,4.01,9.57,2.37,8.68
Germany,Berlin,Condo,High,Booming,0.79,108221,136002,170914,5.13,2.59,6.61,2.06,10
Brazil,Sao Paulo,Villa,Low,Stable,0.5,124055,157982,201187,5.47,7.56,7.39,1.97,7.66
Turkey,Istanbul,Villa,Low,Booming,0.38,493059,698430,989343,8.33,3.71,6.27,0.88,11.69
Japan,Tokyo,Condo,Low,Declining,0.46,341614,404812,479702,3.7,6.31,7.99,2.86,8.53
Germany,Berlin,Apartment,Middle,Booming,1.1,85382,105191,129596,4.64,3.49,9.89,1.86,9.59
Japan,Tokyo,Villa,Middle,Stable,0.92,145437,171826,203003,3.63,3.69,4.7,1.32,3.18
China,Shanghai,Apartment,Low,Declining,1.09,484524,599775,742440,4.76,4.03,1.06,2.88,10.43
South Korea,Seoul,Villa,Low,Declining,0.43,121850,180892,268542,9.69,5.7,1.4,2.68,5.78
Mexico,Guadalajara,Apartment,Middle,Booming,0.63,396379,592989,887120,9.92,4.4,9.52,1.92,9.95
Australia,Sydney,Villa,Middle,Declining,0.74,453890,703197,1089441,10.99,2.52,9.43,3.39,10.12
South Africa,Johannesburg,Villa,Middle,Declining,0.48,412304,625701,949547,10.35,3.73,9.57,0.67,4.35
Spain,Barcelona,Apartment,Low,Declining,0.78,309107,434243,610039,8.1,2.1,9.64,0.66,4.29
Brazil,Sao Paulo,Apartment,Low,Booming,0.31,305086,476773,745075,11.25,6,8.4,0.55,7.88
Canada,Vancouver,Townhouse,Low,Declining,0.71,274536,299166,326007,1.79,6.11,5.53,3.18,7.37
Japan,Tokyo,Townhouse,Middle,Stable,0.43,341716,391200,447851,2.9,7.23,6.52,1.05,11.66
Turkey,Istanbul,Apartment,Low,Booming,0.77,82804,115492,161083,7.9,3.52,8.23,3.36,11.81
Turkey,Izmir,Townhouse,Middle,Booming,0.75,254731,373030,546270,9.29,2.79,5.92,2.41,3.81
Indonesia,Surabaya,Condo,Low,Booming,0.68,433978,660031,1003830,10.42,2.6,1.82,1.42,10.87
Mexico,Guadalajara,Condo,Middle,Declining,0.42,373999,413508,457192,2.11,5.74,4.2,3.26,5.1
Japan,Tokyo,Condo,High,Stable,0.88,156057,225114,324731,8.85,7.24,2.14,3.53,8.34
France,Paris,Apartment,Middle,Declining,0.41,242394,275959,314172,2.77,6.2,7.83,0.87,7.56
Mexico,Guadalajara,Condo,Middle,Declining,1.03,471273,627941,836691,6.65,7.7,5.82,1.88,10.63
Turkey,Ankara,Condo,Low,Stable,0.74,262356,346224,456902,6.39,7.08,8.49,1.91,6
Russia,Chicago,Villa,Low,Stable,0.74,307748,363476,429297,3.62,6.76,5.38,1.67,3.96
Brazil,Sao Paulo,Condo,Low,Stable,0.51,477177,581108,707676,4.36,3.01,5.15,1.57,3.32
Italy,Rome,Villa,Low,Declining,0.59,294849,399061,540106,7.07,4.14,5.03,3.88,6.4
Russia,Chicago,Condo,Middle,Booming,0.53,159560,207711,270392,6.04,6.56,2.85,2.98,3.19
UAE,Sharjah,Townhouse,Middle,Declining,0.68,399139,493457,610063,4.73,5.38,2.84,3.1,3.47
India,Delhi,Villa,Low,Stable,1.07,139188,213086,326218,10.62,4.12,7.5,1.62,11.15
Russia,Chicago,Villa,High,Stable,0.41,130334,172193,227495,6.42,2.49,2.76,3.8,11.79
France,Marseille,Condo,Middle,Booming,0.64,465479,628235,847900,6.99,3.62,7.32,2.81,11.9
UAE,Sharjah,Townhouse,Middle,Stable,0.54,352427,380132,410015,1.57,2.68,1.04,4,10.22
Mexico,Monterrey,Villa,Low,Declining,1.01,279377,339453,412448,4.3,2.91,3.56,1.82,9.81
Italy,Naples,Villa,Low,Declining,0.79,84868,89953,95342,1.2,2.61,4.69,3.77,8.74
Indonesia,Jakarta,Townhouse,High,Declining,1.02,259869,324554,405341,4.98,2.65,8.88,3.24,4.51
USA,Moscow,Villa,Middle,Stable,0.76,269319,375376,523200,7.88,7.68,6.22,2.39,3.45
Spain,Valencia,Villa,Middle,Stable,0.36,134306,143420,153152,1.36,6.46,7.51,0.98,10.52
South Africa,Durban,Apartment,Middle,Booming,0.44,185529,220211,261377,3.74,4.23,3.29,2.21,6.67
Germany,Berlin,Villa,High,Stable,1.19,75167,84803,95675,2.56,2.32,6.63,0.69,10.53
UK,Manchester,Villa,Middle,Declining,0.76,287153,390206,530242,7.18,3.02,2.78,1.62,8.34
South Africa,Johannesburg,Apartment,Low,Stable,0.49,102349,162077,256659,11.67,2.13,8.22,3.26,5.67
Japan,Tokyo,Townhouse,Low,Declining,0.42,115533,165626,237440,8.67,5.86,8.04,3.78,9.23
Indonesia,Jakarta,Townhouse,High,Declining,0.44,159549,241431,365335,10.26,3.26,1.65,2.96,6.62
Mexico,Monterrey,Townhouse,Middle,Stable,1.13,342615,376784,414361,1.99,7.69,3.33,1.68,6.62
Japan,Yokohama,Condo,Middle,Stable,0.35,273432,305649,341662,2.36,4.41,4.16,3.2,10.23
Saudi Arabia,Riyadh,Townhouse,Low,Stable,0.44,214948,269834,338734,5.11,2.91,8.19,2.98,4.71
Japan,Yokohama,Condo,High,Declining,0.63,97612,136219,190096,7.91,2.73,9.87,3.23,6.51
Germany,Berlin,Villa,High,Declining,0.82,460104,623328,844456,7.1,3.05,4.41,3.45,8.8
UK,London,Villa,High,Booming,0.89,440070,678449,1045955,10.83,7.52,1.85,2.4,9.66
Spain,Valencia,Apartment,Low,Declining,0.98,323022,368805,421077,2.83,6.78,7.48,0.8,7.17
South Africa,Johannesburg,Condo,Low,Stable,0.46,201865,213965,226791,1.2,4.4,5.95,2.67,8.97
Canada,Vancouver,Townhouse,Low,Booming,1.05,146958,164044,183117,2.33,7.11,2.41,3.91,10.58
USA,Kazan,Condo,Low,Declining,0.75,491640,542552,598738,2.07,3.82,6.74,1.73,11.36
UAE,Abu Dhabi,Apartment,Middle,Booming,0.36,297235,408692,561941,7.5,5.92,3.3,1.78,10.59
Australia,Brisbane,Apartment,Low,Declining,0.48,422091,573815,780079,7.19,6.57,7.42,1.23,8.12
Spain,Valencia,Villa,High,Stable,1.08,244452,386632,611507,11.63,4.71,2.29,1.86,11.57
Spain,Madrid,Condo,Middle,Declining,0.59,440644,676251,1037835,10.69,4.1,1.75,3.04,5.8
UAE,Abu Dhabi,Apartment,Low,Booming,1,249195,328164,432158,6.34,6.67,4.44,2.05,6.39
South Africa,Durban,Townhouse,Low,Declining,0.63,286676,428535,640591,9.9,4.17,5.72,2.85,5.42
Mexico,Mexico City,Apartment,High,Declining,0.55,470036,680586,985450,8.96,5.46,6.83,0.6,8.56
USA,Saint Petersburg,Villa,High,Booming,0.76,295587,368799,460145,4.95,2.49,2.74,3.83,6.68
Mexico,Monterrey,Condo,Low,Stable,0.72,73719,78929,84506,1.41,6.3,5.84,2.28,5.19
Turkey,Ankara,Condo,Low,Declining,0.97,125706,145124,167540,3.09,4.76,3.58,1.37,8.81
Canada,Toronto,Townhouse,Middle,Stable,0.89,421033,538812,689539,5.59,2.44,3.46,3.93,8.37
Turkey,Izmir,Condo,High,Booming,0.94,53311,71171,95014,6.7,2.23,6.12,3.72,11.72
Brazil,Sao Paulo,Villa,High,Stable,0.79,256192,402160,631295,11.4,6.04,1.58,2.13,5.16
Japan,Yokohama,Apartment,Low,Booming,0.72,254960,349340,478659,7.4,4.14,2.48,2.26,10.47
Mexico,Monterrey,Apartment,Middle,Booming,0.9,202266,316452,495101,11.29,7.47,2.88,0.64,9.67
South Korea,Seoul,Townhouse,Middle,Stable,1.04,485539,747444,1150622,10.79,5.6,5.77,0.6,5.22
Australia,Melbourne,Condo,Low,Booming,0.71,332827,451476,612422,7.13,6.46,3.52,2.48,3.79
USA,Saint Petersburg,Villa,Middle,Booming,0.67,387572,554760,794067,8.63,7.94,3.5,2.24,5.97
Australia,Melbourne,Villa,Middle,Stable,0.7,435628,621342,886230,8.53,7.29,2.83,3.56,3.54
UAE,Abu Dhabi,Apartment,Low,Booming,1.1,198083,242260,296290,4.46,5.07,9.47,0.67,6.17
Japan,Osaka,Apartment,Middle,Stable,1.07,228225,264635,306853,3.19,4.55,4.47,3.7,9.86
France,Marseille,Apartment,Low,Booming,0.75,494767,646117,843766,6.12,2.35,3.36,2.03,4.41
USA,Moscow,Townhouse,High,Stable,1.15,395082,473134,566605,3.95,5.54,7.49,3.79,10.93
Saudi Arabia,Jeddah,Villa,High,Booming,0.76,398594,541760,736350,7.18,5.32,2.03,0.94,7.77
India,Bangalore,Townhouse,Middle,Declining,0.54,59467,86082,124608,8.95,2.19,6.36,2.39,11.72
South Africa,Johannesburg,Townhouse,Low,Declining,0.74,78621,106407,144015,7.07,7.05,9.97,2.01,5.88
USA,Saint Petersburg,Townhouse,Middle,Booming,1.12,136059,188916,262307,7.77,4.43,1.37,1.72,5.39
France,Lyon,Apartment,High,Stable,0.92,476956,571119,683873,3.95,6.87,1.5,2.38,3.63
Spain,Madrid,Townhouse,High,Declining,1.14,394858,557489,787104,8.24,6.94,6.83,3.89,9.43
UK,Manchester,Villa,High,Stable,1.13,282709,315047,351084,2.29,5.17,2.14,2.57,7.34
South Africa,Johannesburg,Apartment,Low,Declining,0.86,54521,63090,73005,3.14,4.95,9.55,1.84,6.82
Turkey,Istanbul,Villa,Low,Stable,0.94,321707,390684,474450,4.29,4.46,2.96,3.88,4.18
Spain,Madrid,Villa,High,Booming,0.63,61628,72226,84648,3.44,6.68,2.81,0.78,7.27
UAE,Dubai,Condo,Low,Stable,0.31,88145,131705,196793,9.88,6.63,9.24,3.49,9.15
Saudi Arabia,Dammam,Apartment,Low,Booming,0.35,402282,609469,923365,10.3,6.79,5.58,1.32,10.61
UAE,Sharjah,Condo,Middle,Stable,0.95,491343,557984,633664,2.71,3.35,2.91,3.27,4.68
UAE,Sharjah,Condo,Middle,Booming,0.36,499352,531136,564942,1.27,7.01,4.29,3.45,7.99
Germany,Frankfurt,Condo,High,Booming,1.11,466787,492462,519549,1.1,2.45,3.25,2.84,10.99
Australia,Sydney,Apartment,Low,Stable,0.71,323138,372796,430086,3.07,6.83,9.71,1.44,7.45
Saudi Arabia,Riyadh,Apartment,Middle,Booming,0.38,301611,400097,530741,6.53,2.87,4.98,1.67,7.7
Russia,New York,Villa,Middle,Booming,0.83,53823,79042,116077,9.37,6.28,4.3,0.69,9.79
South Africa,Durban,Condo,High,Declining,1.16,158068,194098,238340,4.56,3.1,6.19,1.04,6.21
Turkey,Izmir,Apartment,High,Stable,0.93,302052,381357,481484,5.25,4.52,6.06,0.52,3.71
Germany,Munich,Townhouse,Middle,Declining,1.09,85046,122359,176042,8.77,7.52,3.44,1.8,8.12
Russia,Los Angeles,Villa,Low,Stable,1.09,473858,690297,1005596,9.14,2.52,7.02,1.94,7.24
Turkey,Izmir,Villa,Middle,Stable,0.34,135978,201898,299774,9.7,4.72,3.71,1.84,10.69
UAE,Abu Dhabi,Condo,Middle,Stable,0.97,172542,192320,214365,2.29,3.51,9.29,2.54,7.8
UAE,Abu Dhabi,Condo,Low,Declining,0.84,214713,320761,479188,9.88,5.14,2.05,0.95,7.83
South Africa,Johannesburg,Villa,Middle,Booming,1.14,188758,288470,440853,10.56,6.58,3.23,0.63,3.92
Russia,Chicago,Villa,High,Booming,0.96,139851,175401,219988,5.08,5.01,7.53,0.9,6.66
China,Beijing,Apartment,High,Stable,0.74,293372,440087,660174,10,3.03,8.27,2.93,8
China,Shanghai,Apartment,High,Booming,0.93,235408,265097,298531,2.52,5.99,5.72,2.74,6.04
China,Beijing,Villa,Middle,Stable,1.12,314316,344796,378231,1.94,4.7,7.81,3.28,7.45
China,Shanghai,Villa,Low,Booming,1.11,170451,217466,277450,5.52,7.39,9.07,2.9,10.73
Spain,Valencia,Townhouse,Low,Booming,0.38,439248,538667,660590,4.53,3.07,3.15,1.96,5.26
Japan,Osaka,Villa,High,Booming,0.59,110740,134317,162912,4.26,5.43,4.98,1.71,9.72
Spain,Barcelona,Villa,High,Booming,1.1,390555,481398,593372,4.65,6.47,2.37,0.96,6.11
Australia,Brisbane,Villa,Low,Declining,1.03,160857,174496,189291,1.7,2.79,8.73,2.72,5.28
Brazil,Rio de Janeiro,Townhouse,Middle,Declining,0.8,287411,405390,571799,8.21,3.4,8.78,1.58,9.25
Spain,Barcelona,Townhouse,Middle,Declining,0.31,217696,270692,336589,4.87,5.26,1.65,3.27,4.96
UAE,Dubai,Townhouse,Low,Declining,0.91,411445,559168,759927,7.18,6.45,6.96,1.74,10.28
USA,Saint Petersburg,Apartment,Middle,Declining,0.57,307046,448277,654471,9.2,4.27,3.72,2.11,10.36
Japan,Yokohama,Condo,High,Declining,1.14,295288,417479,590235,8.28,7.42,1.89,1.31,9.38
India,Delhi,Condo,Low,Booming,1.04,435663,556912,711906,5.57,2.54,4.94,1.31,5.62
Spain,Barcelona,Condo,Middle,Declining,1,83987,126415,190276,10.1,4.57,6.36,0.81,6.04
Mexico,Monterrey,Apartment,High,Declining,0.38,482695,721143,1077383,9.88,4.76,3.01,3.77,6.1
Germany,Frankfurt,Townhouse,High,Declining,0.44,303424,476095,747029,11.38,2.02,3.14,3.78,4.54
Indonesia,Bandung,Apartment,High,Booming,0.4,306584,467239,712078,10.48,4.86,9.95,2.88,3.67
Italy,Milan,Apartment,Middle,Stable,1.19,233552,282148,340855,4.16,5.35,3.74,0.8,3.01
India,Mumbai,Townhouse,Middle,Stable,0.7,426589,582197,794567,7.3,8,3.58,1.48,4.44
UK,London,Townhouse,Low,Declining,0.45,178334,265015,393829,9.72,7.43,9.78,1.31,10.93
South Africa,Johannesburg,Villa,Middle,Booming,0.6,100778,154041,235454,10.57,5.82,2.48,2,5.59
UAE,Sharjah,Villa,Middle,Declining,0.96,254037,404962,645551,11.88,2.33,4.2,2.19,7.53
South Korea,Busan,Townhouse,High,Declining,0.58,378158,579002,886516,10.62,7.63,8.25,3.48,7.95
Canada,Montreal,Townhouse,Low,Declining,1.04,186577,236796,300533,5.38,3.9,5.21,1.5,11.65
China,Beijing,Townhouse,Middle,Declining,0.58,94120,126097,168939,6.79,2.34,1.99,1.27,7.18
Germany,Berlin,Villa,Middle,Booming,0.69,409861,597050,869729,9.13,4.56,4,1.61,9.97
Indonesia,Bandung,Villa,Low,Declining,0.35,55770,82960,123407,9.75,4.86,2.18,1.32,11.39
Australia,Sydney,Villa,Low,Declining,1.07,369403,485848,638999,6.3,5.12,9.78,3.88,4.94
Indonesia,Bandung,Villa,High,Stable,1.03,138759,161994,189119,3.35,6.06,4.65,3.76,3.8
India,Bangalore,Condo,Middle,Booming,0.76,463335,716900,1109233,10.95,2.94,4.3,2.67,4.43
Brazil,Sao Paulo,Villa,Low,Booming,1.17,461637,527108,601864,2.84,2.73,1.77,3.68,4.74
Turkey,Izmir,Condo,Middle,Stable,0.67,251983,347600,479498,7.59,2.43,3.04,3.76,11.18
Indonesia,Bandung,Villa,High,Booming,1,58731,72230,88832,4.6,5.77,3.48,3.68,8.71
Australia,Melbourne,Townhouse,Low,Stable,0.36,459053,723821,1141300,11.54,2.47,5.79,1.56,6.54
South Africa,Cape Town,Condo,Middle,Booming,0.46,310132,489044,771168,11.54,5.02,1.75,2.67,6.06
Spain,Valencia,Villa,Middle,Declining,1.07,245605,283935,328246,3.12,3.15,7.92,1.43,9.91
Indonesia,Bandung,Apartment,High,Stable,0.49,194759,254359,332197,6.12,7.66,9.39,1.22,6.22
Canada,Toronto,Townhouse,High,Booming,0.43,279493,364269,474760,6.07,7.4,9.37,1.84,7.43
Indonesia,Bandung,Apartment,Middle,Stable,1.11,413019,434500,457099,1.04,3.92,4.8,1.3,4.8
France,Paris,Villa,Low,Booming,0.33,339516,405512,484335,3.89,2.31,3.08,3.31,10.66
South Africa,Cape Town,Apartment,High,Declining,0.73,237232,376681,598102,11.76,3.2,2.94,1.52,4.55
India,Bangalore,Apartment,Middle,Stable,0.64,459875,638510,886534,7.77,4.47,9.41,0.67,4.89
Canada,Vancouver,Apartment,High,Declining,0.81,326999,350463,375611,1.44,4.42,6.84,2.94,8.74
China,Shanghai,Apartment,High,Stable,0.59,92084,118320,152031,5.7,2.77,9.53,2.16,5.86
China,Shanghai,Condo,High,Stable,0.99,274077,334516,408283,4.41,6.87,8.8,2.86,3.42
Brazil,Rio de Janeiro,Apartment,High,Booming,0.81,393483,442698,498069,2.5,3.37,8.94,0.57,9.77
France,Paris,Townhouse,High,Stable,0.73,251047,264580,278841,1.08,6.92,4.24,2.39,9.1
Italy,Milan,Apartment,Low,Stable,0.93,480191,644530,865112,6.84,4.4,9.58,2.75,5.68
China,Shanghai,Villa,Middle,Booming,0.41,429150,536094,669688,4.98,5.96,5.24,1.2,8.42
USA,Saint Petersburg,Condo,Middle,Booming,0.35,236004,318756,430524,7.01,4.62,7.74,3.4,9.94
Mexico,Mexico City,Apartment,Middle,Declining,0.33,137358,184765,248534,6.9,7.61,8.51,3.45,5.73
Italy,Milan,Townhouse,Low,Declining,0.69,261818,297570,338205,2.73,2.19,9.52,1.34,5.16
Spain,Barcelona,Villa,Low,Declining,0.38,467828,640390,876601,7.38,6,9.2,1.71,8.59
Saudi Arabia,Jeddah,Condo,High,Booming,0.33,134048,202035,304504,10.14,6.6,4.16,1.82,7.8
UK,Manchester,Villa,Middle,Stable,0.3,158560,184647,215027,3.29,3.5,8.25,1.48,4.72
China,Beijing,Condo,Middle,Stable,0.75,439540,519863,614864,3.65,2.47,4.21,3.12,7.96
UK,Manchester,Apartment,High,Stable,1.04,481816,715962,1063894,9.72,5.62,5.44,0.64,11.86
Germany,Frankfurt,Townhouse,High,Declining,0.65,118503,167882,237836,8.33,3.71,6.27,2.55,7.01
Canada,Montreal,Villa,Low,Declining,1.05,169235,219455,284578,5.93,5.23,6.97,3.24,6.55
Japan,Osaka,Condo,Middle,Declining,0.88,117775,184077,287704,11.26,4.3,7.57,0.57,4.85
South Africa,Durban,Townhouse,Middle,Declining,0.74,445214,596582,799414,6.8,7.58,5.35,2.22,4.08
France,Paris,Apartment,Low,Declining,1.02,161134,248918,384526,10.9,7.46,9.49,2.32,9.09
USA,Kazan,Villa,Low,Declining,1,108957,150417,207655,7.61,2.21,5.48,1.04,4.65
Australia,Melbourne,Condo,High,Booming,0.63,244597,340661,474454,7.85,2.45,5.53,1.14,8.17
South Korea,Incheon,Condo,High,Declining,0.87,300519,437575,637136,9.12,4.01,7.89,2.01,7.36
UK,Birmingham,Apartment,High,Booming,0.88,58261,82131,115779,8.19,5.71,3.79,0.8,3.82
Italy,Rome,Villa,High,Declining,1.13,360176,403363,451729,2.4,4.14,6.33,3.42,3.39
UAE,Abu Dhabi,Townhouse,Middle,Declining,0.51,450387,475177,501331,1.1,3.21,9.63,2.65,5.36
UK,Birmingham,Condo,Middle,Declining,0.36,62686,74259,87967,3.69,7.29,4.74,3.02,11.26
UAE,Abu Dhabi,Apartment,High,Declining,0.67,136075,181580,242303,6.69,7.45,8.24,0.73,9.23
Italy,Milan,Apartment,Low,Stable,0.81,458358,512154,572262,2.35,5.2,8.92,1.94,7.34
India,Bangalore,Apartment,Low,Booming,0.36,175165,215186,264351,4.57,7.67,3.54,2.11,9.04
Japan,Osaka,Villa,Low,Booming,0.45,268899,391570,570203,9.12,7.2,6.64,2.84,4.14
Turkey,Ankara,Condo,Middle,Stable,1.15,109658,161863,238922,9.52,3.59,9.4,3.02,9.78
Russia,Chicago,Villa,High,Booming,0.5,249368,346571,481663,7.8,6.62,1.94,3.87,11.01
South Africa,Durban,Townhouse,Low,Declining,0.54,420242,561056,749054,6.7,4.77,3.83,2.53,9.57
Spain,Valencia,Apartment,Low,Declining,0.67,333149,477942,685667,8.69,6.27,1.47,3.51,7.12
Germany,Munich,Condo,High,Declining,0.54,158794,208919,274865,6.31,7.32,4.41,3.12,3.87
India,Mumbai,Villa,Middle,Booming,0.73,496259,731357,1077830,9.47,3.26,5.51,1.32,6.69
Australia,Melbourne,Villa,Low,Stable,1,397051,466716,548604,3.51,7.53,6.33,1.83,7.52
Mexico,Mexico City,Apartment,Middle,Booming,0.84,301951,397827,524146,6.35,5.03,2.59,3.34,7.88
Mexico,Monterrey,Villa,Middle,Stable,0.42,394771,616965,964220,11.26,7.68,4.32,0.97,7.67
India,Bangalore,Condo,Low,Booming,0.4,470294,541294,623013,3.02,3.52,4.66,1.84,10.15
Germany,Berlin,Apartment,Low,Booming,0.71,126846,151830,181735,3.94,5.05,2.33,2.64,8.09
India,Bangalore,Townhouse,Middle,Declining,0.94,471967,732370,1136448,11.03,7.68,3.2,0.96,5.72
Germany,Frankfurt,Villa,High,Stable,1.11,487424,742166,1130043,10.45,2.66,9.53,1.98,3.08
UK,Birmingham,Townhouse,Middle,Declining,0.7,70731,95426,128742,6.98,4.03,5.26,2.65,10.82
South Korea,Incheon,Condo,Middle,Declining,0.9,245322,368151,552479,10.01,7.43,2.08,2.36,5.56
Indonesia,Jakarta,Townhouse,Middle,Booming,0.34,350846,534873,815427,10.49,2.98,8.31,3.49,11.23
Canada,Toronto,Townhouse,Middle,Booming,0.54,456779,560177,686982,4.53,5.31,1.45,0.65,9.48
South Africa,Johannesburg,Condo,Low,Stable,0.7,165332,190913,220452,3.09,6.02,1,3.32,3.71
France,Lyon,Townhouse,Middle,Booming,0.47,223806,294680,387997,6.33,4.13,3.89,3.87,8.77
Australia,Melbourne,Condo,Middle,Booming,0.32,243579,372982,571130,10.63,3.81,1.85,3.15,8.45
Mexico,Guadalajara,Townhouse,High,Stable,0.81,74109,83542,94174,2.55,5.74,2.87,2.26,7.9
South Africa,Johannesburg,Townhouse,High,Declining,0.56,476791,721555,1091969,10.27,6.33,1.7,0.87,7.44
Germany,Frankfurt,Townhouse,Middle,Declining,0.44,490219,557471,633948,2.74,4.92,4.28,2.74,4.16
Saudi Arabia,Riyadh,Villa,High,Booming,0.69,173617,267069,410823,10.77,2.24,9.22,3.42,5.68
Turkey,Izmir,Villa,Low,Declining,1.01,64046,101307,160244,11.64,5.16,3.73,1.77,3.6
Japan,Osaka,Apartment,Middle,Booming,1.19,67681,95444,134595,8.2,4.66,9.54,1.36,7.79
UAE,Abu Dhabi,Apartment,Middle,Declining,0.73,366290,398306,433120,1.75,3.16,2.93,3.08,4.7
South Africa,Johannesburg,Townhouse,Low,Declining,0.82,146860,223799,341045,10.48,7.65,5.67,1.73,5.11
France,Marseille,Apartment,High,Booming,0.34,170825,240834,339535,8.2,5.2,9.5,1.89,9.24
USA,Saint Petersburg,Townhouse,High,Booming,0.74,280659,336027,402317,3.95,4.73,5.24,2.97,11.47
China,Shenzhen,Apartment,High,Booming,0.6,68990,91271,120749,6.46,5.27,2.52,3.16,11.86
Australia,Sydney,Villa,Low,Declining,1.15,138698,212409,325293,10.63,6.23,5.08,2.39,10.65
Saudi Arabia,Dammam,Condo,High,Stable,0.73,217943,287965,380485,6.43,5.47,2.7,3.65,9.07
Australia,Melbourne,Villa,Low,Booming,0.87,94773,131005,181087,7.65,2.73,1.71,2.35,6.63
UK,London,Villa,High,Declining,0.83,90150,116027,149331,5.74,3.05,9.88,2.46,9.19
China,Shanghai,Apartment,High,Declining,0.59,92633,146983,233222,11.73,3.72,4.81,2.77,3.22
South Africa,Johannesburg,Townhouse,Low,Booming,1.03,291460,350632,421817,4.06,2.37,2.46,3.63,9.17
Italy,Naples,Condo,Middle,Declining,0.52,79520,113701,162574,8.6,5.43,4.64,1.77,4.95
UAE,Dubai,Townhouse,Low,Declining,0.9,486801,558187,640041,2.93,5.58,4.82,2.06,5.29
Mexico,Guadalajara,Condo,Middle,Declining,1.04,268365,361990,488279,6.98,3.83,2.64,0.8,9.43
South Africa,Durban,Condo,Middle,Booming,0.48,360534,455970,576668,5.29,4.49,5.22,1.79,3.91
USA,Moscow,Townhouse,Low,Booming,0.58,348680,493795,699303,8.32,3.72,5.14,1.18,4.89
China,Shanghai,Apartment,High,Booming,0.32,453536,528772,616490,3.32,3.37,3.52,0.95,8.75
Canada,Montreal,Townhouse,Low,Stable,0.37,110391,155057,217796,8.09,4.04,7.37,2.45,5.3
UK,London,Villa,High,Stable,0.89,102323,137627,185112,6.9,4.62,3.41,2.61,10.84
Spain,Madrid,Villa,Middle,Stable,1.2,323493,411674,523891,5.45,3.35,3.31,2.18,6.31
Japan,Tokyo,Townhouse,High,Stable,1.12,215733,270830,339998,5.11,4.3,8.53,2.78,8.53
USA,Kazan,Townhouse,Low,Stable,0.6,418057,447781,479618,1.42,7.22,5.61,1.89,7.47
UK,Manchester,Villa,Middle,Stable,0.9,55744,85253,130382,10.59,4.68,4.09,0.98,6.96
Australia,Melbourne,Apartment,Middle,Booming,0.75,231641,329686,469230,8.47,4.53,9.65,2.6,10.27
Turkey,Ankara,Condo,High,Stable,0.4,228781,282606,349093,4.71,5.42,8.75,0.77,3.65
USA,Saint Petersburg,Villa,Middle,Stable,1.07,145783,206693,293052,8.36,5.26,8.5,0.94,4.17
South Korea,Busan,Condo,High,Stable,0.8,475870,608281,777534,5.56,3.96,6.46,3.76,10.53
Canada,Montreal,Apartment,High,Declining,1.2,60156,66898,74395,2.24,5.66,8.39,1.5,5.15
Italy,Rome,Condo,Middle,Stable,1.01,75372,94453,118365,5.06,5.03,6.04,3.05,6.19
Russia,Chicago,Apartment,Low,Booming,0.85,313419,423488,572213,7.02,5.84,3.34,0.8,4.07
France,Marseille,Condo,Middle,Stable,0.5,275089,416002,629096,10.24,6.21,8.1,1.73,6.64
Mexico,Monterrey,Condo,Middle,Stable,0.65,136343,147751,160113,1.67,5.55,9.9,1.08,3.42
South Korea,Seoul,Townhouse,Middle,Booming,1,163664,246527,371345,10.13,6.22,9.51,1.93,8.96
Spain,Barcelona,Condo,Low,Declining,0.72,333765,432986,561704,5.95,3.13,5.57,2.35,10.3
Australia,Melbourne,Villa,Middle,Booming,0.96,348706,387888,431472,2.25,6.32,5.5,3.63,11.28
Japan,Yokohama,Townhouse,High,Declining,0.35,419289,448946,480702,1.41,4.2,5.88,1.02,9.72
Italy,Milan,Condo,Low,Declining,0.31,125870,172371,236051,7.39,6.29,9.25,2.97,9.05
Mexico,Guadalajara,Townhouse,Low,Declining,0.65,50578,56449,63003,2.32,5.21,7.08,1.96,9.58
South Korea,Busan,Villa,Middle,Declining,0.77,83379,96354,111347,3.11,7.04,7.52,3.63,4.06
Turkey,Ankara,Villa,Low,Stable,1.19,144233,152379,160985,1.13,7.98,3.53,2.84,4.59
USA,Kazan,Townhouse,High,Stable,0.82,456816,560102,686740,4.52,6.02,2.69,2.69,6.03
Mexico,Monterrey,Condo,High,Stable,0.49,190932,219259,251789,2.97,7.41,4.57,1.36,7.04
USA,Kazan,Townhouse,High,Stable,0.59,384989,609888,966167,11.68,4.63,8.75,2.48,4.42
UK,Manchester,Villa,High,Stable,0.92,281046,395665,557031,8.16,7.34,4.96,3.65,9.76
Australia,Brisbane,Villa,Low,Stable,0.74,321450,395084,485586,4.58,7.9,7.01,0.65,5.94
UAE,Abu Dhabi,Condo,Middle,Stable,0.86,75350,80107,85165,1.26,4.7,3.99,2.03,5.36
Indonesia,Surabaya,Townhouse,Low,Declining,0.45,360115,480038,639897,6.66,3.2,3.88,2.57,3.65
UAE,Abu Dhabi,Condo,Low,Stable,0.43,82961,124173,185859,9.94,6.51,7.78,3.01,9.02
Spain,Madrid,Condo,Low,Stable,0.73,339025,363129,388948,1.42,5.73,8,2.25,6.22
USA,Kazan,Apartment,Middle,Stable,0.55,339261,485496,694765,8.62,7.23,4.08,3.19,8.05
Brazil,Rio de Janeiro,Townhouse,High,Booming,1.09,287515,383746,512184,6.69,5.47,7.74,3.88,3.66
India,Delhi,Condo,High,Booming,0.35,471898,633018,849151,6.83,5.69,5.34,0.83,9.91
Italy,Milan,Apartment,Low,Declining,0.97,190266,231827,282465,4.37,7.03,1.65,3.58,5.31
Indonesia,Surabaya,Townhouse,High,Declining,0.83,471197,670499,954097,8.46,4.49,7.21,1.7,5.5
Italy,Milan,Villa,Middle,Declining,1.2,387856,544780,765196,8.09,4.13,1.44,0.61,7.99
Indonesia,Surabaya,Villa,High,Stable,0.99,291821,441359,667525,10.25,2.2,4.3,1.33,7.03
Mexico,Guadalajara,Apartment,Low,Stable,0.37,479359,562188,659329,3.46,7.53,4.83,3.95,7.99
South Korea,Busan,Townhouse,Middle,Stable,1.14,52407,76595,111945,9.23,7.42,2.26,0.84,6.82
Mexico,Guadalajara,Townhouse,High,Declining,1.14,294074,394089,528119,6.8,2.85,1.01,3.34,3.79
Australia,Brisbane,Apartment,Low,Declining,0.87,461577,537626,626205,3.3,5.99,1.71,2.61,4.48
Russia,Chicago,Townhouse,Low,Stable,0.96,185554,242123,315938,6.1,5.6,2.54,3.1,5.72
Russia,Los Angeles,Apartment,Middle,Booming,0.9,121227,173169,247366,8.57,2.77,4.83,1.37,9.74
Italy,Naples,Townhouse,High,Declining,0.54,446773,688254,1060256,10.81,3.18,6.52,0.81,6.52
USA,Saint Petersburg,Apartment,High,Stable,0.94,346740,483212,673398,7.87,3.7,4.4,0.86,9.47
South Africa,Cape Town,Condo,Middle,Booming,0.75,368945,437907,519760,3.74,3.95,4.01,0.59,6.07
Indonesia,Surabaya,Townhouse,Middle,Declining,1.02,453784,605811,808770,6.7,4.73,1.28,3.58,3.12
Russia,Los Angeles,Condo,Low,Booming,1.15,270147,334460,414082,4.76,7.55,1.22,2.53,7.94
Russia,New York,Townhouse,Low,Declining,0.5,242999,342324,482248,8.17,6.36,1.01,3.78,4.48
Australia,Melbourne,Villa,Middle,Stable,0.51,168563,180497,193277,1.42,2.74,9.88,1.6,4.04
Indonesia,Surabaya,Condo,Low,Stable,0.4,373757,568115,863543,10.4,3.54,1.19,1.28,3.51
China,Shenzhen,Apartment,Middle,Declining,0.39,244179,287265,337955,3.53,5.1,3.28,3.79,11.15
Brazil,Sao Paulo,Apartment,Low,Declining,0.81,209491,263881,332393,5.19,4.47,7.55,2.08,10.71
Canada,Montreal,Condo,Low,Declining,1.15,201176,273274,371210,7.17,2.57,2.8,1.95,4.86
Italy,Naples,Apartment,Middle,Stable,1.09,121229,157672,205070,6.01,5.63,7.23,1.84,10.82
Germany,Frankfurt,Condo,Middle,Booming,0.81,247779,269331,292758,1.74,4.79,8.39,2.65,10.49
Saudi Arabia,Riyadh,Apartment,Low,Declining,0.74,103308,109248,115530,1.15,3.82,7.28,3.27,5.66
Mexico,Guadalajara,Villa,High,Declining,0.75,239504,305556,389824,5.52,3.39,2.23,1.19,3.5
UAE,Sharjah,Townhouse,High,Declining,0.48,54140,75525,105357,7.9,3.9,9.76,1.18,6.11
Brazil,Brasilia,Villa,Low,Declining,0.62,53803,81327,122931,10.23,2.19,9.46,3.62,7.82
Saudi Arabia,Riyadh,Condo,Low,Stable,0.79,344200,434683,548951,5.26,5.88,1.4,0.69,7.12
Australia,Brisbane,Condo,High,Stable,0.79,449518,497870,551422,2.15,6.94,2.89,1.88,5.85
Italy,Milan,Apartment,High,Declining,0.66,117723,156214,207290,6.54,6.81,4.97,2.22,10.64
Indonesia,Jakarta,Condo,Low,Stable,0.94,270704,322607,384462,3.83,7.31,6.19,1.27,5.42
Turkey,Izmir,Condo,Low,Booming,1.02,69866,111481,177885,11.91,2.78,8.16,1.88,7.43
South Africa,Durban,Apartment,Middle,Stable,1.09,235810,317311,426981,6.91,2.3,1.02,1.36,9.13
Canada,Montreal,Apartment,High,Declining,0.41,101193,129125,164767,5.52,5.89,7.41,1.12,3.72
China,Shenzhen,Apartment,High,Declining,1.15,167300,254185,386194,10.39,7.18,7.95,1.09,10.4
Indonesia,Bandung,Villa,Middle,Booming,0.99,318525,393526,486186,4.71,3.58,2.1,2.28,8.27
Spain,Valencia,Villa,High,Declining,0.62,263912,329872,412318,5,5.85,9.11,1.07,6.43
UAE,Sharjah,Apartment,Low,Booming,0.43,331225,480567,697244,9.02,7.59,3.51,3.83,3.57
Brazil,Rio de Janeiro,Townhouse,Middle,Stable,0.84,75710,116712,179921,10.83,5.18,7.02,3.41,4.35
Canada,Toronto,Villa,Low,Booming,0.33,445497,544937,666574,4.46,2.77,5.22,2.59,3.28
USA,Moscow,Villa,Low,Stable,0.55,64760,82969,106299,5.62,7.37,9.84,2.73,4.45
Saudi Arabia,Jeddah,Condo,Middle,Booming,1.12,282312,320300,363400,2.69,7.53,7.82,3.06,9.38
UAE,Sharjah,Apartment,Low,Booming,0.48,144953,207074,295818,8.57,3.32,4.95,3.24,10.06
USA,Saint Petersburg,Townhouse,High,Stable,0.71,406485,614298,928353,10.22,5.93,3.06,1.46,5.83
UAE,Sharjah,Apartment,Low,Stable,0.41,172922,201495,234789,3.3,4.73,9.18,0.87,9.48
Canada,Vancouver,Villa,Low,Stable,0.92,93089,144979,225792,11.15,5.41,4.27,3.15,5.32
Spain,Madrid,Villa,Low,Booming,0.92,67870,102597,155094,10.23,4.69,6.73,1.27,9.09
Germany,Munich,Villa,Middle,Booming,1,262946,365429,507855,7.79,4.74,9.05,2.24,10.58
France,Marseille,Townhouse,Middle,Booming,1.02,234727,276167,324924,3.53,4.44,8.44,1.3,7.72
France,Paris,Apartment,Middle,Declining,1.03,209065,293363,411651,8.06,3.47,1.98,3.28,3.89
India,Delhi,Apartment,Middle,Stable,0.54,434799,539394,669149,4.81,7.84,9.82,1.44,3.37
Mexico,Mexico City,Townhouse,Low,Booming,0.93,252944,279608,309082,2.11,6.25,1.28,3.55,4.25
France,Paris,Townhouse,Low,Declining,0.41,129053,203664,321411,11.56,6.16,8.21,1.89,6.03
Germany,Frankfurt,Apartment,Middle,Declining,0.51,266292,360427,487840,7.07,5.79,3.31,3.82,4.53
India,Mumbai,Apartment,Middle,Declining,1.17,56685,74520,97965,6.29,4,5.04,2.5,6.92
UK,London,Apartment,Low,Stable,0.67,379726,541956,773498,8.54,7,3.25,2.63,8.27
South Africa,Johannesburg,Apartment,Middle,Booming,0.63,268726,328539,401665,4.45,2.85,2.92,0.87,9.15
Mexico,Guadalajara,Villa,High,Declining,0.89,477773,693403,1006352,9.03,2.31,8.96,3.52,6.99
Mexico,Guadalajara,Apartment,Low,Booming,0.83,489235,656929,882103,6.86,7.43,1.75,1.17,6.97
China,Beijing,Villa,Low,Stable,0.83,417303,664990,1059691,11.87,4.33,1.43,3.3,8.44
Australia,Melbourne,Condo,High,Booming,0.48,272673,397631,579853,9.17,6.62,5.5,1.57,11.76
Italy,Rome,Apartment,High,Declining,0.9,233707,281443,338929,4.09,6.39,3.18,1.1,7.77
USA,Kazan,Apartment,High,Declining,0.56,333007,371259,413904,2.3,5.93,3.55,0.5,4.14
Australia,Sydney,Condo,Low,Stable,1.14,440310,518898,611514,3.57,6.67,6.48,3.9,6.36
Russia,New York,Condo,Low,Stable,0.91,78591,99648,126348,5.36,7.78,5.85,1.51,4.08
South Africa,Johannesburg,Apartment,High,Booming,0.93,340185,427159,536369,5.11,7.71,1.2,1.56,11.29
Russia,Los Angeles,Apartment,Low,Booming,0.59,163514,219733,295282,6.88,6.94,1.93,3.8,10.16
UAE,Abu Dhabi,Apartment,Low,Stable,0.46,370404,467348,589666,5.23,4.41,8.05,3.87,4.14
UAE,Sharjah,Townhouse,Middle,Booming,0.68,266424,334887,420943,5.14,4.18,1.47,2.9,6.93
South Korea,Busan,Townhouse,Middle,Declining,0.48,417215,622238,928011,9.83,4.92,3.69,2.73,5.59
Canada,Vancouver,Condo,Middle,Stable,0.51,378732,406068,435378,1.44,2.57,1.06,1.04,3.62
Indonesia,Jakarta,Apartment,Low,Declining,1.2,179964,203737,230651,2.64,3.45,9.43,2.32,6.28
Italy,Milan,Villa,High,Declining,1.09,227746,281096,346944,4.69,3.24,4.4,1.61,9.1
Canada,Montreal,Townhouse,High,Booming,0.56,309740,336452,365468,1.72,3.15,4.67,3.78,6.4
Italy,Milan,Townhouse,High,Stable,0.9,164789,184542,206663,2.4,2.35,3.75,1.05,4.57
Mexico,Mexico City,Condo,Middle,Declining,0.98,57127,77510,105165,7.14,4.28,5.56,2.47,5.82
Russia,Chicago,Villa,High,Stable,0.57,380031,581144,888687,10.58,3.16,1.88,3.64,6.15
Spain,Madrid,Townhouse,Low,Declining,0.8,211794,237038,265291,2.38,5.54,5.73,1.21,7.07
France,Lyon,Apartment,Low,Booming,1.02,315692,348304,384286,2.07,5.29,7.32,3.27,8.66
Russia,New York,Apartment,Low,Declining,0.44,369578,525739,747883,8.45,2.15,4.71,1.67,9.02
Italy,Naples,Villa,Middle,Stable,0.49,315892,490348,761149,11.05,6.79,9.29,3.92,3.1
Spain,Valencia,Condo,Middle,Booming,0.86,235778,359071,546836,10.46,3.51,9.83,2.65,10.14
Germany,Frankfurt,Apartment,Low,Booming,0.38,132556,194476,285320,9.34,2.13,8.35,0.55,8.91
Japan,Tokyo,Townhouse,Low,Declining,0.63,325173,465913,667568,8.66,4.05,1.97,0.74,8.3
Saudi Arabia,Jeddah,Townhouse,Middle,Stable,0.77,383990,510843,679603,6.61,4.53,4.58,0.59,6.02
UK,Birmingham,Condo,High,Booming,1.18,443100,545526,671629,4.62,5.53,8.63,2.04,3.16
Spain,Valencia,Apartment,Middle,Booming,0.37,279677,442782,701009,11.66,6.16,1.64,1.16,9.94
Japan,Osaka,Condo,Low,Stable,1.06,327963,460601,646884,8.09,2.17,8.46,3.26,5.33
India,Delhi,Condo,Middle,Booming,0.94,146685,157272,168625,1.44,3.21,2.61,1.68,6.77
Canada,Vancouver,Villa,High,Declining,0.76,264539,317148,380220,3.98,2.18,6.45,1.89,5.69
Mexico,Monterrey,Condo,Middle,Booming,1.08,386034,587456,893974,10.44,4.97,2.18,2.94,4.85
Indonesia,Jakarta,Apartment,Low,Stable,0.7,79250,119186,179246,10.08,2.76,9.13,3.52,7.18
Mexico,Monterrey,Townhouse,Low,Booming,0.97,328750,490394,731517,9.83,4.59,8.07,2.12,11.47
Indonesia,Jakarta,Apartment,High,Stable,0.74,258179,382566,566883,9.64,6.93,5.99,1.13,7.21
UK,Manchester,Condo,High,Declining,1.17,388844,581765,870401,9.92,2.2,5.21,2.76,10.47
South Korea,Seoul,Townhouse,High,Stable,0.34,433597,586059,792130,7.03,3.18,3.86,1.49,7.78
Australia,Sydney,Condo,High,Stable,0.35,121341,181646,271920,9.94,2.8,3.1,2.09,7.65
India,Delhi,Townhouse,High,Stable,0.99,251300,373036,553743,9.69,5.71,2.02,1.05,6.93
Russia,New York,Apartment,Middle,Declining,0.66,384595,526666,721220,7.39,4.33,2.54,1.29,8.18
Brazil,Sao Paulo,Villa,Low,Stable,0.68,281717,322249,368612,2.88,5.98,8.67,1.4,7.42
India,Delhi,Apartment,Middle,Stable,1.18,199959,275398,379299,7.55,2.54,6.45,0.81,11.63
China,Beijing,Villa,High,Booming,0.94,404672,581618,835934,8.75,5.54,5.05,3.5,11.61
Australia,Brisbane,Townhouse,Low,Stable,0.75,469191,643182,881696,7.42,5.23,5.09,1.23,3.03
USA,Saint Petersburg,Apartment,Middle,Stable,0.52,279375,351728,442817,5.18,4.69,9.83,1.73,7.07
UK,Manchester,Villa,High,Stable,0.42,71581,105688,156045,9.53,5.42,7.85,1.02,8.15
Turkey,Ankara,Apartment,Low,Stable,0.53,152628,161227,170310,1.13,2.78,3.78,0.91,11.87
Canada,Montreal,Condo,High,Booming,0.58,108646,125974,146067,3.19,5.53,1.58,3.52,11.65
Brazil,Sao Paulo,Villa,Low,Declining,0.52,252543,268244,284922,1.24,5.84,4.73,1.45,4.86
Mexico,Mexico City,Villa,Middle,Declining,0.89,237298,272611,313178,2.98,6.13,6.09,3.51,4.06
South Korea,Incheon,Villa,High,Booming,1.01,353083,393071,437589,2.27,6.17,4.97,3.81,4.27
USA,Saint Petersburg,Villa,Middle,Booming,0.88,221891,349755,551301,11.52,3.98,9.66,3.66,5.43
Spain,Madrid,Apartment,High,Declining,1.02,498022,592130,704022,3.78,4.62,5.68,1.53,3.14
Italy,Naples,Condo,Middle,Booming,0.5,176872,228868,296151,5.88,3.03,8.86,2.97,3.77
South Africa,Cape Town,Condo,Middle,Stable,0.89,344145,542346,854695,11.52,2.02,3.23,3.75,11.39
Russia,New York,Apartment,High,Declining,0.95,394593,434177,477732,2.01,5.08,3.08,1.13,10.29
Saudi Arabia,Jeddah,Apartment,Low,Stable,0.42,260893,408616,639981,11.32,3.11,9.8,3.98,8
Australia,Brisbane,Condo,Middle,Stable,0.45,192247,246744,316688,5.67,3.86,3.53,3.9,4.38
France,Marseille,Condo,Low,Declining,0.96,50185,69149,95281,7.56,7.5,3.59,1.15,8.87
Russia,New York,Condo,Low,Stable,0.94,359614,440751,540196,4.51,3.51,9.6,3.73,7.12
Australia,Brisbane,Condo,High,Declining,1.06,253546,325404,417628,5.67,2.94,4.84,2.38,3.2
India,Delhi,Townhouse,High,Booming,0.7,401610,571903,814405,8.48,5.81,9.19,0.56,8.01
Saudi Arabia,Dammam,Villa,Low,Stable,1.01,293601,360584,442848,4.56,2.82,8.99,2.15,10.9
Mexico,Guadalajara,Townhouse,Middle,Declining,0.83,353386,527374,787023,9.85,5.95,4.58,2.3,10.23
South Africa,Cape Town,Apartment,Low,Declining,0.64,224655,247711,273133,2.05,7.49,1.82,2.77,6.72
Japan,Yokohama,Townhouse,Middle,Stable,0.67,355798,386718,420324,1.74,5.56,7.95,3.4,4.53
Canada,Toronto,Condo,Low,Stable,1.11,345266,529990,813545,10.7,4.91,5.88,3.72,11.1
Australia,Melbourne,Apartment,High,Stable,0.7,173486,219675,278162,5.32,4.33,3.58,1.44,10.75
Brazil,Brasilia,Townhouse,Low,Declining,0.36,354925,406407,465357,2.9,4.07,1.55,1.44,9.92
Germany,Munich,Townhouse,Middle,Booming,1.1,149687,195335,254902,6.1,4.82,8.86,3.17,7.62
South Africa,Cape Town,Condo,High,Stable,0.9,431310,455138,480283,1.1,4.42,9.17,3.09,7.89
Spain,Barcelona,Apartment,High,Stable,0.78,206497,275939,368733,6.73,5.93,4.77,3,10.75
USA,Saint Petersburg,Villa,High,Declining,0.44,253196,322676,411222,5.49,6.12,3.25,2.74,10.9
France,Paris,Apartment,High,Booming,0.68,459957,734202,1171962,11.92,2.64,3.1,3.83,11.62
China,Shenzhen,Condo,High,Stable,0.39,56749,64615,73571,2.77,7.98,2.62,2.26,10.64
UK,London,Apartment,Middle,Booming,0.32,322020,387185,465538,4.05,7.17,3.55,2.9,9.07
India,Mumbai,Townhouse,Low,Declining,0.5,65660,83722,106753,5.5,3.74,8.28,3.3,7.11
Australia,Sydney,Townhouse,Middle,Booming,0.85,321917,484464,729088,10.1,4.55,3.48,1.43,7.83
Germany,Berlin,Condo,High,Stable,0.7,248054,272891,300214,2,6.31,2.92,1.19,6.71
Russia,New York,Villa,Low,Stable,0.51,312736,392267,492022,5.09,4.69,5.83,1.21,4.4
Spain,Valencia,Villa,Middle,Stable,1.09,245176,313004,399597,5.53,2.21,5.48,2.44,8.03
India,Bangalore,Apartment,High,Declining,0.94,129867,154376,183510,3.77,6.86,9.52,0.98,7.48
Spain,Valencia,Condo,High,Stable,0.49,77033,94676,116359,4.58,2.86,7.39,2.37,4.29
Australia,Sydney,Apartment,Low,Stable,0.31,413671,474442,544141,2.94,5.64,4.03,2.55,5.84
South Korea,Seoul,Apartment,High,Stable,0.38,150328,173393,199997,3.07,4.57,6.92,1.42,3.11
India,Bangalore,Villa,Middle,Declining,0.77,322592,509559,804889,11.59,5.54,5.24,2.51,11.35
Australia,Melbourne,Townhouse,High,Stable,1.05,195340,230597,272218,3.61,3.58,5.54,3.1,7.53
Brazil,Brasilia,Apartment,Low,Declining,0.36,375611,560894,837574,9.87,3.74,6.98,1.99,11
South Africa,Cape Town,Condo,High,Booming,1.06,286444,409709,586019,8.61,7.3,5.46,1.6,9.78
Canada,Vancouver,Apartment,Middle,Booming,0.5,224839,343138,523680,10.52,6.35,4.63,1.25,6.2
Saudi Arabia,Dammam,Villa,Low,Booming,0.56,129240,188540,275048,9.18,3.51,5.09,1.85,11.84
Australia,Brisbane,Condo,Middle,Declining,0.65,85992,94540,103938,1.99,5.54,6.39,1.97,6.89
Turkey,Izmir,Condo,High,Declining,0.35,282446,374977,497822,6.55,2.9,1.93,0.93,3.91
Japan,Osaka,Apartment,Middle,Declining,0.85,138417,164479,195449,3.77,3.04,9.62,3.49,5.07
Saudi Arabia,Riyadh,Apartment,Low,Booming,0.59,144452,190753,251896,6.41,2.12,7.04,2.33,11.09
Canada,Montreal,Condo,High,Declining,0.45,411849,611834,908928,9.71,2.76,4.59,1.1,5.29
UAE,Sharjah,Condo,Low,Declining,0.54,300306,383274,489163,5.53,7.69,2.14,3.91,5.08
Italy,Rome,Apartment,High,Booming,1,202536,228602,258022,2.57,7.15,3.78,2.81,8.1
Indonesia,Surabaya,Condo,Middle,Booming,0.72,273119,396768,576397,9.05,2.53,7.01,3.64,3.52
South Korea,Incheon,Condo,High,Booming,0.43,372484,480693,620337,5.81,4.42,2.23,2.27,4.14
Turkey,Istanbul,Apartment,High,Booming,0.73,393627,469221,559333,3.84,4.88,9.93,2.9,10.57
Mexico,Monterrey,Villa,Middle,Declining,0.67,395537,424127,454783,1.45,2.74,2.83,1.91,10.61
South Africa,Johannesburg,Apartment,High,Booming,0.61,344580,496237,714642,8.8,5.52,4.22,2.52,6.08
UK,Manchester,Apartment,Middle,Stable,0.38,496762,556349,623083,2.4,2.43,8.91,1.56,8.85
Germany,Munich,Condo,High,Stable,0.6,226154,270065,322501,3.88,4.06,4.7,3.02,7.6
Japan,Yokohama,Villa,High,Declining,1.15,68846,91337,121176,6.53,5.51,9.28,0.67,8.16
USA,Saint Petersburg,Villa,High,Stable,1.07,158867,243379,372847,10.64,2.11,7.59,3.77,8.91
Russia,Chicago,Townhouse,Low,Booming,0.7,70196,109230,169969,11.12,4.82,1.26,2.91,7.34
Japan,Yokohama,Townhouse,Middle,Declining,0.41,146422,158937,172521,1.71,5.45,6.6,2.27,10.35
Japan,Tokyo,Condo,Low,Declining,1.07,327031,345677,365386,1.14,6.17,4.76,2.48,8.84
South Africa,Cape Town,Villa,High,Stable,0.62,462694,519923,584231,2.47,6.03,1.04,3.74,4.01
UAE,Dubai,Condo,High,Stable,0.39,199853,250908,315006,5.11,3.29,6.27,2.05,3.31
South Africa,Johannesburg,Apartment,Middle,Booming,0.59,414695,592738,847222,8.59,6.35,7.28,1.59,3.9
UK,Manchester,Apartment,Middle,Declining,0.55,424303,674328,1071682,11.79,4.96,1.09,0.99,5.9
UAE,Abu Dhabi,Condo,Low,Booming,0.82,83792,131457,206236,11.38,4.19,9.21,3.23,9.8
Brazil,Brasilia,Townhouse,High,Stable,0.85,332053,465173,651662,8.02,5.77,5.98,3.95,9.59
Indonesia,Surabaya,Apartment,Middle,Stable,1,442608,517233,604439,3.37,2.5,5.35,2.3,10.46
Mexico,Mexico City,Villa,Middle,Declining,0.7,306884,411190,550949,6.8,2.23,6.54,3.4,4.42
India,Mumbai,Townhouse,High,Stable,0.83,317125,361618,412354,2.81,2.74,9.82,1.88,5.05
South Africa,Cape Town,Villa,Low,Stable,0.45,350421,485401,672375,7.7,5.86,1.79,3.63,6.5
Russia,Los Angeles,Apartment,Low,Booming,0.58,258063,326330,412656,5.29,7.18,9.36,1.56,10.78
Turkey,Istanbul,Apartment,High,Booming,1,468863,555679,658571,3.7,5.46,3.47,3.38,3.05
Russia,Chicago,Villa,Middle,Stable,0.81,202642,248738,305319,4.55,5.87,8.66,2.63,10.68
Canada,Toronto,Apartment,Low,Booming,0.54,283776,368283,477956,5.96,2.07,6.01,2.82,8.33
India,Bangalore,Apartment,Low,Declining,0.96,307103,333732,362671,1.73,2.7,6.37,1.46,3.72
Turkey,Izmir,Condo,Middle,Declining,0.69,299445,368560,453628,4.62,6.32,6.79,1.66,9.79
UAE,Abu Dhabi,Apartment,Middle,Booming,0.88,336850,456225,617905,7.09,2.07,7.27,1.82,11.48
Italy,Rome,Condo,Low,Stable,1.04,314463,373802,444338,3.77,3.22,4.06,2.17,5.66
USA,Saint Petersburg,Apartment,Middle,Declining,0.76,124417,197542,313645,11.75,2.65,9.39,3.7,7.73
Mexico,Mexico City,Apartment,Low,Declining,0.95,246222,343853,480198,7.93,4.04,3.71,2.52,7.48
China,Shenzhen,Villa,Low,Booming,0.82,178997,224074,280501,5.04,2.5,1.47,1.39,3.67
Mexico,Monterrey,Villa,Low,Declining,0.39,415818,445499,477299,1.43,5.95,3.45,3.55,7.36
UAE,Sharjah,Apartment,Middle,Declining,0.58,282938,356523,449246,5.2,5.39,2.03,3.99,6.83
Germany,Munich,Apartment,High,Booming,0.61,369594,462047,577625,5,7,5.09,3.02,3.97
France,Marseille,Villa,Middle,Stable,1.06,381073,444501,518485,3.33,2.87,3.85,3.92,5.31
Turkey,Ankara,Villa,Low,Declining,0.71,63509,80560,102188,5.37,5.43,9.58,2.31,10.37
Saudi Arabia,Dammam,Villa,Low,Declining,0.79,68353,83613,102281,4.47,5.45,9.56,3.51,5.06
Germany,Munich,Apartment,Low,Declining,0.5,140528,218854,340838,11.15,7.12,7.97,1.87,7.54
Turkey,Izmir,Villa,Middle,Declining,0.72,164029,217792,289177,6.56,2.18,2.19,3.6,9.77
Spain,Barcelona,Villa,Middle,Booming,0.68,282718,354386,444223,5.07,6.44,8.06,3.17,9.5
South Korea,Busan,Villa,Low,Stable,0.48,202086,264413,345962,6.17,3.98,7.79,1.65,4.24
Australia,Melbourne,Apartment,High,Declining,0.66,490961,576504,676951,3.48,5.67,4.9,0.75,7.39
Indonesia,Surabaya,Condo,Low,Stable,0.93,280949,429756,657380,10.59,3.73,1.78,3.78,6.4
France,Marseille,Apartment,High,Declining,0.82,406401,499212,613219,4.57,6.3,2.22,1.52,4.3
China,Shanghai,Apartment,Middle,Booming,1.03,150192,216963,313419,8.89,7.66,5.75,2.39,7.15
Indonesia,Bandung,Apartment,Low,Booming,0.59,264045,364789,503973,7.63,7.92,9.44,3.52,11
Mexico,Mexico City,Condo,Middle,Booming,0.72,345850,533400,822655,10.85,4.36,9.66,1.96,8.41
Italy,Naples,Townhouse,Middle,Booming,0.94,477766,565933,670370,3.69,6.48,5.69,1.44,9.99
France,Paris,Apartment,Middle,Booming,0.8,347438,426514,523586,4.55,4.89,6.56,1.92,4.79
UK,Manchester,Apartment,Middle,Booming,1.17,280160,407257,592012,9.07,4.47,4.2,1.93,6.68
Mexico,Guadalajara,Apartment,High,Declining,0.79,294561,389833,515918,6.47,2.81,5.46,1.09,4.14
Russia,New York,Villa,Low,Booming,1.14,322228,455217,643094,8.25,4.41,9.18,2.73,9.92
UK,Birmingham,Apartment,Low,Stable,0.63,482005,723612,1086326,10.03,7.12,2.55,1.45,5.57
China,Shenzhen,Apartment,High,Declining,0.54,434934,464308,495665,1.35,2.46,3.47,1.2,5.09
UK,Birmingham,Townhouse,Middle,Booming,1.02,303407,319540,336531,1.06,4.58,4.67,0.9,9.09
USA,Moscow,Apartment,Middle,Booming,0.93,374402,543130,787896,9.01,2,9.59,3.35,11.14
Turkey,Izmir,Villa,High,Booming,0.31,470236,703184,1051530,9.91,7.02,1.84,3.09,11.64
South Korea,Seoul,Apartment,High,Booming,0.91,306753,481631,756207,11.4,4.66,6.39,2.17,11.4
Mexico,Monterrey,Townhouse,High,Stable,0.37,275504,393371,561664,8.56,6.75,6.25,3.68,11.48
South Africa,Johannesburg,Townhouse,Middle,Stable,0.36,231067,245601,261050,1.26,3.98,5.83,3.69,10.62
Brazil,Sao Paulo,Apartment,Middle,Booming,0.41,91864,126230,173452,7.48,5.19,3.4,3.65,11.35
South Africa,Johannesburg,Apartment,Low,Booming,0.66,450636,568330,716761,5.22,6.42,5.28,0.93,11.35
UK,London,Apartment,Low,Declining,0.71,380519,476389,596413,5.04,2.11,1.9,2.24,9.21
China,Shanghai,Villa,Middle,Booming,0.6,362970,520589,746655,8.68,6.22,5.43,3.7,7.4
Mexico,Monterrey,Condo,Middle,Stable,0.71,139721,170350,207692,4.38,2.25,6.7,1.37,5.74
Indonesia,Jakarta,Apartment,Low,Declining,0.99,197250,233387,276146,3.66,3.01,7.97,0.95,7.08
Brazil,Brasilia,Apartment,High,Booming,0.76,359325,502447,702574,7.97,6.86,1.4,1.54,5.52
Italy,Milan,Apartment,High,Stable,0.43,180130,219826,268269,4.41,5.13,6.97,1.83,9.48
USA,Moscow,Condo,Low,Declining,0.6,180628,243423,328050,6.95,2.14,1.72,1.96,11.49
South Korea,Incheon,Condo,High,Booming,0.95,89657,135873,205912,10.31,6.39,6.5,3.37,6.64
China,Shenzhen,Condo,Middle,Stable,0.5,280411,379077,512460,7.04,5.23,6.09,3.82,11.12
Russia,Chicago,Townhouse,High,Declining,1.09,410638,644243,1010744,11.38,2.59,3.39,2.23,10.62
South Korea,Incheon,Villa,High,Booming,0.75,386616,435495,490553,2.53,3.51,7.59,1.08,6.16
Turkey,Istanbul,Villa,High,Declining,0.54,207438,298623,429891,8.79,4.21,6,0.85,10.25
Canada,Toronto,Condo,High,Declining,0.63,341840,495314,717693,8.98,3.26,8.96,2.66,6.86
Spain,Madrid,Condo,Low,Declining,0.46,474035,694598,1017786,9.31,3.25,4.04,3.33,9.26
Australia,Brisbane,Townhouse,High,Declining,0.99,248540,358908,518285,8.88,4.32,2.9,2.71,11.78
Mexico,Mexico City,Townhouse,Middle,Booming,0.58,257436,365740,519607,8.41,5.25,8.59,3.17,3.52
UK,Manchester,Apartment,Low,Declining,1.2,388581,592643,903868,10.5,5.91,8.71,0.89,6.13
South Korea,Busan,Townhouse,Middle,Booming,1.09,140745,153839,168151,1.86,6.73,8.52,1.07,10.69
Spain,Barcelona,Condo,Low,Booming,0.92,284037,427941,644752,10.13,4.52,2.75,1.5,7.55
South Korea,Seoul,Apartment,Middle,Booming,0.78,412511,612680,909979,9.7,5.49,8.03,1.17,3.45
Brazil,Sao Paulo,Condo,Middle,Booming,1.09,84000,99596,118089,3.71,6.17,4.69,3.57,5.68
Saudi Arabia,Riyadh,Condo,High,Booming,0.31,185295,253473,346736,7.36,4.26,5.81,3.57,11.21
China,Shanghai,Apartment,Low,Booming,0.54,257963,348774,471552,7.04,7.69,9.99,1.32,9.54
Canada,Toronto,Villa,Low,Booming,0.64,53649,56604,59722,1.1,4.76,5.4,0.58,9.18
Mexico,Monterrey,Villa,Middle,Declining,0.56,301952,367024,446120,4.31,3,4.66,1.31,7.81
Turkey,Ankara,Villa,High,Booming,0.48,278783,316853,360122,2.73,6.03,7.79,0.89,7.21
Australia,Sydney,Villa,High,Declining,0.36,319182,381557,456122,3.91,5.17,5.66,3.74,7.94
South Africa,Durban,Condo,Middle,Declining,0.82,230744,362728,570206,11.44,6.66,3.57,3.45,6.89
USA,Kazan,Townhouse,High,Stable,1.05,420300,484975,559602,3.08,6.21,3.62,1.54,5.67
Japan,Osaka,Condo,High,Stable,0.95,153422,161169,169308,1.01,6.29,2.54,0.87,5.14
Italy,Naples,Townhouse,Low,Booming,0.64,264158,283841,304991,1.49,7.82,7.44,1.63,5.87
Spain,Madrid,Villa,Low,Booming,0.7,331810,375113,424067,2.61,3.13,8.73,1.4,6.42
UAE,Abu Dhabi,Apartment,High,Declining,1.08,348417,431319,533948,4.76,6.1,1.18,3.07,7.38
USA,Kazan,Apartment,Low,Booming,1.03,479587,747764,1165902,11.18,7.46,5.61,1.76,7.19
Japan,Osaka,Apartment,High,Declining,0.92,447799,521167,606557,3.28,7.51,8.34,3.93,10.92
Japan,Osaka,Condo,Middle,Declining,0.55,97680,108594,120728,2.23,3.75,6.53,3.32,11.09
India,Delhi,Condo,High,Declining,0.86,52534,60544,69776,3.05,2.6,4.27,2.25,3.39
UAE,Sharjah,Condo,Low,Stable,0.61,130631,183652,258195,8.12,4.79,5.46,2,11.6
Russia,Chicago,Condo,Low,Booming,0.49,282499,410982,597901,9.1,5.34,9.36,1.82,7.17
UAE,Abu Dhabi,Villa,High,Stable,0.38,324050,391619,473278,4.17,2.96,5.9,2.36,3.68
Canada,Vancouver,Townhouse,Middle,Booming,0.93,330697,381612,440364,3.08,4.82,7.48,2.35,6.56
UK,Manchester,Condo,High,Booming,0.59,324677,508610,796743,11.33,6.03,1.67,2.11,11.02
Turkey,Ankara,Villa,High,Declining,0.39,494994,778125,1223203,11.44,2.47,9.4,1.77,10.6
South Africa,Johannesburg,Condo,Middle,Declining,0.68,248385,347449,486023,7.98,6.65,1.3,2.58,4.68
USA,Saint Petersburg,Townhouse,Middle,Booming,0.61,206586,270211,353431,6.16,4,1.97,1.01,3.3
Japan,Yokohama,Condo,Middle,Stable,0.72,479501,533983,594655,2.27,7.68,7.6,2.73,8.81
UAE,Dubai,Condo,Middle,Booming,1.04,98114,130258,172932,6.55,6.18,6.28,3.41,3.65
France,Lyon,Apartment,Middle,Booming,0.92,290312,365369,459831,5.17,4.04,6.59,3.62,7.47
UK,London,Townhouse,Low,Booming,1.04,230970,255526,282693,2.13,2.37,1.46,1.83,6.04
China,Beijing,Condo,Low,Booming,0.95,384270,414231,446529,1.56,3.33,3.47,2.42,4.3
Russia,New York,Apartment,Middle,Booming,0.42,474705,708408,1057165,9.85,3.08,4.66,1.74,10.12
Australia,Melbourne,Condo,High,Stable,0.76,107532,156615,228101,9.13,4.38,3.37,1.81,7.48
Russia,Los Angeles,Condo,High,Booming,0.61,158858,201618,255889,5.38,2.12,7.95,1.1,3.4
Brazil,Sao Paulo,Villa,Middle,Stable,0.89,398271,596453,893252,9.95,4.96,2.85,3.08,9.3
USA,Saint Petersburg,Condo,Middle,Stable,0.52,456533,505567,559867,2.15,7.9,8.74,2.91,11.45
South Korea,Incheon,Townhouse,High,Stable,0.95,135706,175493,226945,5.86,2.43,4.51,3.1,6.48
Germany,Berlin,Condo,High,Declining,0.6,317910,486311,743916,10.59,2.29,4.47,1.05,9.26
China,Beijing,Villa,Low,Declining,0.4,349163,421580,509015,4.15,3.19,9.43,0.56,6.94
USA,Moscow,Apartment,Middle,Declining,0.32,267617,354747,470243,6.51,3.93,2.19,1.82,9.05
Russia,New York,Condo,Low,Declining,1,288838,396981,545615,7.49,3.2,3.59,1.07,5.24
South Korea,Incheon,Villa,High,Booming,0.5,283752,385755,524425,7.19,7.67,2.76,2.75,10.36
Japan,Yokohama,Townhouse,High,Booming,0.8,164752,196780,235034,3.89,2.24,3.75,3.11,3.43
UAE,Abu Dhabi,Villa,Middle,Stable,0.5,367805,544519,806138,9.61,4.73,7.28,1.86,4.44
Indonesia,Jakarta,Villa,High,Booming,0.66,310986,488692,767945,11.43,2.41,5.57,1.65,7.57
Italy,Naples,Condo,Low,Booming,0.32,190861,286469,429969,10.02,5.32,5.06,1.5,5.68
South Africa,Johannesburg,Apartment,Middle,Declining,0.64,426007,673929,1066133,11.64,4.63,4.54,3.46,6.84
UAE,Sharjah,Apartment,High,Booming,0.8,153924,224563,327622,9.18,5.19,8.28,3.23,4.94
South Korea,Busan,Apartment,High,Booming,0.94,410024,508578,630819,4.81,3.04,1.02,2.08,6.17
USA,Kazan,Apartment,High,Stable,0.8,134618,204999,312176,10.46,3.55,3.04,2.18,7.49
Saudi Arabia,Riyadh,Apartment,High,Booming,0.49,172337,197040,225283,2.87,6.31,7.93,2.12,9.43
Italy,Naples,Villa,High,Stable,0.96,112224,177471,280652,11.63,6.93,2.84,1.15,4.13
Italy,Milan,Villa,Low,Stable,0.42,386673,505888,661858,6.17,6.7,7.72,2.62,9.18
Saudi Arabia,Riyadh,Townhouse,High,Declining,0.32,190300,266573,373415,8.02,2.06,1.3,3.48,9.16
UAE,Sharjah,Townhouse,Low,Stable,0.54,359583,534287,793871,9.72,3.84,1.32,3.76,6.11
Canada,Toronto,Townhouse,High,Stable,0.4,271336,399584,588451,9.45,3.33,3.43,1.35,11.93
South Africa,Johannesburg,Apartment,High,Booming,0.48,308984,481674,750879,11.18,2.88,9.74,3.82,10.96
UK,Manchester,Townhouse,High,Declining,0.49,335325,492421,723116,9.37,7.92,2.62,3.18,6.05
Canada,Vancouver,Villa,Low,Declining,0.46,239620,356221,529561,9.73,4.79,5.84,3.98,6.59
Japan,Tokyo,Townhouse,High,Stable,0.85,214360,271387,343584,5.32,6.17,9.44,2.4,9.92
Mexico,Mexico City,Villa,Low,Stable,0.38,145021,192323,255053,6.52,2.12,3.28,2.31,3.13
UAE,Abu Dhabi,Villa,Low,Declining,0.54,281314,384059,524329,7.3,7.55,6.81,1.95,11.37
USA,Moscow,Condo,Low,Declining,1.01,140004,157079,176237,2.44,6.05,6.04,3.26,9.65
Saudi Arabia,Riyadh,Townhouse,High,Declining,0.86,493872,663504,891401,6.87,2.68,8.45,1.38,10
Russia,Los Angeles,Villa,Low,Declining,1.16,363558,500916,690171,7.56,4.76,4.28,1.74,8.73
China,Shenzhen,Townhouse,High,Stable,0.98,355333,411875,477415,3.18,4.96,8.12,2.16,7.83
Canada,Vancouver,Townhouse,Low,Declining,0.99,347569,443200,565141,5.5,7.37,2.46,3.98,4.07
Brazil,Brasilia,Apartment,Middle,Declining,0.31,450509,533728,632321,3.69,6.38,8.3,3.51,11.92
Russia,Chicago,Townhouse,Low,Stable,0.56,369610,411549,458248,2.27,4.44,8.63,1.79,8.32
UAE,Abu Dhabi,Villa,Middle,Booming,0.75,340678,540006,855960,11.7,2.33,6.17,3.52,7.33
Russia,Chicago,Apartment,Middle,Stable,0.37,302243,372557,459228,4.65,2.93,8.64,2.33,11.4
South Korea,Seoul,Townhouse,Middle,Booming,1.03,361837,380929,401029,1.06,4.57,2.78,3.69,4.57
Indonesia,Surabaya,Condo,Low,Declining,0.56,282577,337637,403425,3.9,3.26,6.39,0.81,3.52
Saudi Arabia,Jeddah,Apartment,Middle,Declining,0.64,374299,507229,687368,7.1,4.54,6.09,1.78,11.43
Canada,Montreal,Apartment,Low,Declining,0.35,353026,543733,837460,10.8,6.82,2.66,1.54,9.45
Japan,Tokyo,Apartment,High,Declining,0.38,415338,600329,867714,8.91,6.38,1.9,3.01,9.12
Mexico,Guadalajara,Condo,Middle,Declining,1.05,68718,73028,77607,1.25,4.24,2.34,2.45,11.26
Germany,Berlin,Condo,Low,Booming,0.65,430228,451796,474446,1,3.01,1.27,1.65,11.17
UAE,Dubai,Apartment,Low,Declining,0.39,322884,419208,544268,5.97,7.63,2.1,1.24,3.27
Germany,Munich,Apartment,High,Declining,0.69,175025,267516,408885,10.57,5.63,6.53,2.36,3.83
Australia,Melbourne,Condo,Low,Declining,0.7,499777,754352,1138601,10.19,7.36,8.41,0.86,5.05
Turkey,Ankara,Townhouse,Middle,Declining,0.3,186580,207054,229775,2.19,4.84,7.09,3.56,9.74
India,Bangalore,Villa,Low,Declining,1.14,74254,78464,82913,1.13,5.97,3.6,1.39,5.98
South Korea,Seoul,Apartment,Low,Declining,0.54,280146,361972,467697,5.84,5.07,7.05,1.85,5.26
Japan,Tokyo,Apartment,Middle,Stable,0.45,207263,302189,440589,9.16,6.54,7,1.32,8.29
Brazil,Sao Paulo,Condo,Middle,Booming,0.81,267920,362358,490086,7.05,4.95,6.09,3,3.99
Australia,Melbourne,Apartment,Low,Stable,0.97,111149,120779,131244,1.73,7.86,9.61,0.71,6.99
France,Marseille,Villa,Middle,Declining,0.47,268405,404379,609236,10.13,7.7,6.71,1.74,8.43
Canada,Vancouver,Condo,Middle,Booming,0.58,459421,702326,1073659,10.57,5.35,3.92,1.53,3.3
Brazil,Brasilia,Condo,High,Declining,1.03,252672,310490,381537,4.58,4.83,8.37,0.94,10.72
Japan,Yokohama,Townhouse,Low,Booming,1.11,476019,603886,766101,5.37,3.3,4.36,1.67,4.59
Turkey,Istanbul,Townhouse,Low,Declining,0.85,264481,403634,616000,10.52,2.19,6.79,3.17,9.84
South Africa,Durban,Apartment,Low,Stable,1.1,378065,589893,920408,11.21,4,5.53,0.55,3.06
Canada,Toronto,Condo,Low,Stable,0.52,95363,113779,135752,3.86,3.06,1.26,3.68,3.07
Brazil,Rio de Janeiro,Villa,High,Declining,0.96,118467,183828,285250,11.03,7.36,6.89,2.85,3.05
China,Shenzhen,Villa,Low,Booming,1.19,445025,686365,1058587,10.85,5.96,4.1,3.63,5.62
Canada,Vancouver,Townhouse,High,Declining,0.81,94879,147734,230033,11.14,2.84,3.02,2.45,9.88
Indonesia,Bandung,Condo,Low,Declining,0.86,154460,162263,170461,1.01,6.54,9.87,3.33,7.14
USA,Moscow,Villa,Middle,Declining,1.11,234431,313837,420137,6.77,4.86,5.03,3.21,7.74
Brazil,Sao Paulo,Condo,High,Booming,0.59,166171,177930,190520,1.42,5.5,3.07,1.02,8.88
China,Shenzhen,Villa,Middle,Declining,0.91,388470,515487,684034,6.54,7.36,9.43,3.33,8.72
France,Marseille,Apartment,Middle,Stable,0.57,492325,591172,709864,4.02,3.22,4.98,0.7,11.81
Russia,Los Angeles,Apartment,Middle,Stable,0.83,300628,424093,598263,8.21,4.98,1.29,2.64,9.45
Germany,Berlin,Townhouse,Low,Stable,0.68,390783,459112,539388,3.5,3.33,2.45,1.8,10.62
Indonesia,Jakarta,Villa,Middle,Booming,1.05,222271,305404,419629,7.48,6.32,3.17,1.09,11.75
UAE,Dubai,Townhouse,High,Stable,0.86,491637,607548,750787,4.72,6.22,3,1.41,7.61
USA,Moscow,Condo,Low,Declining,0.59,125430,149836,178992,3.89,2.21,7.34,2.22,3.85
Russia,Los Angeles,Apartment,Low,Declining,0.45,96141,133340,184932,7.74,2.57,7.79,0.57,5.24
Canada,Toronto,Condo,Low,Booming,1.1,373339,406989,443672,1.8,6.93,5.44,3.46,8.41
South Africa,Durban,Condo,Low,Declining,0.91,497076,585448,689532,3.56,5.74,5.14,0.64,3.13
Spain,Valencia,Apartment,High,Booming,0.41,342091,465908,634538,7.24,5.32,1.29,2.14,11.32
South Africa,Cape Town,Apartment,Low,Stable,0.66,331215,489834,724416,9.58,6.7,5.67,3.5,6.52
USA,Kazan,Villa,Low,Booming,1.1,158102,190374,229233,4.08,2.32,8.16,1.96,5.06
Canada,Montreal,Condo,Low,Booming,0.51,455630,687388,1037031,10.17,5.32,6.54,2.16,6.52
Japan,Tokyo,Villa,Middle,Stable,1.12,106526,136368,174571,5.6,4.07,5.48,2.1,7.67
Mexico,Monterrey,Villa,Middle,Stable,0.43,280914,332414,393355,3.67,3.11,1.58,3.17,6.85
Mexico,Mexico City,Villa,Middle,Stable,0.86,377417,537300,764913,8.47,4.82,4.49,1.82,8.76
Russia,Chicago,Villa,Middle,Booming,0.75,432110,661597,1012962,10.62,3.02,2.23,2.71,5.71
Turkey,Istanbul,Apartment,High,Declining,0.32,449889,528528,620912,3.5,7.58,7.46,3.17,4.81
Brazil,Sao Paulo,Villa,High,Stable,0.51,284570,325735,372854,2.89,3.83,3.89,1.06,4.85
Mexico,Mexico City,Villa,High,Stable,1.01,125238,133460,142222,1.31,5.78,9.78,1.66,4.07
China,Beijing,Apartment,Low,Declining,0.81,457859,678197,1004568,9.62,5.74,3.84,2.4,3.82
Mexico,Monterrey,Villa,High,Booming,0.91,376293,594832,940291,11.62,3.56,1.17,2.41,9.36
Spain,Madrid,Condo,High,Stable,1.01,137183,163791,195561,3.88,5.08,3.98,3.51,7.26
Brazil,Rio de Janeiro,Villa,Low,Booming,1.02,311279,459198,677409,9.5,4,8.48,1.46,7.91
Russia,Los Angeles,Apartment,High,Booming,0.49,263987,323383,396143,4.5,3.6,9.7,1.06,10.09
UAE,Abu Dhabi,Condo,Middle,Stable,1.19,58956,84570,121312,8.69,3.52,1.36,1.91,11.42
UAE,Dubai,Condo,Middle,Stable,0.31,314549,417018,552870,6.52,7.24,1.76,2.89,9.12
Mexico,Monterrey,Condo,Low,Stable,0.9,474051,712355,1070454,10.05,2.25,5.24,1.89,5.79
Spain,Barcelona,Apartment,High,Stable,0.71,222887,287031,369633,5.76,7.88,1.8,3.73,7.32
Saudi Arabia,Riyadh,Condo,Low,Declining,0.86,423582,528739,660000,4.97,4.58,4.69,1.81,11.33
Spain,Valencia,Condo,Low,Declining,1.05,99050,109893,121923,2.19,4.57,1.89,2.67,4.29
France,Paris,Villa,High,Declining,0.77,53249,65184,79793,4.48,6.06,5.36,3.92,10.87
Indonesia,Jakarta,Townhouse,High,Stable,0.62,70469,106767,161762,10.3,7.47,8.39,0.95,11.98
South Korea,Incheon,Townhouse,Low,Stable,0.53,375892,582415,902404,10.99,3.41,9.17,1.58,11.79
Germany,Munich,Villa,Middle,Declining,0.55,479046,517106,558190,1.59,6.26,5.79,2.17,5.01
Brazil,Rio de Janeiro,Apartment,High,Declining,0.94,135864,183969,249105,7.08,3.52,9.6,0.6,4.8
Brazil,Rio de Janeiro,Townhouse,Middle,Declining,0.52,236331,278398,327953,3.56,4.95,8.85,2.99,8.22
UK,London,Villa,Low,Booming,0.38,362296,413571,472103,2.83,6.72,3.25,1.96,6.15
Australia,Brisbane,Townhouse,Low,Booming,1.07,106945,145563,198127,7.22,2.85,7.34,3.67,6.91
South Africa,Durban,Apartment,High,Stable,0.74,467340,624621,834835,6.73,4.93,6.2,2.91,3.96
South Korea,Busan,Condo,High,Declining,1.04,245977,268064,292134,1.8,6.72,4.39,0.85,8.7
Saudi Arabia,Jeddah,Apartment,Middle,Booming,1.09,449489,708716,1117443,11.53,7.21,1.02,1.83,10.37
Turkey,Izmir,Villa,High,Declining,0.63,320697,443676,613814,7.67,4.19,9.14,2.26,7.18
Japan,Yokohama,Condo,High,Declining,1.2,272075,312375,358643,2.96,5.08,8.33,3.22,10.1
Germany,Munich,Apartment,High,Stable,0.94,164398,250567,381900,10.48,7.36,2.75,0.96,11.78
Mexico,Monterrey,Condo,Middle,Stable,1.08,451956,694886,1068392,10.75,5.25,6.82,2.41,3.46
Japan,Osaka,Apartment,High,Booming,0.97,277399,390090,548560,8.12,5.02,5.43,1.1,5.51
Spain,Madrid,Apartment,High,Booming,0.44,138050,218828,346872,11.7,2.92,3.42,2.57,8.49
USA,Moscow,Villa,Low,Declining,0.44,407173,603374,894116,9.64,3.42,3.6,3.78,10.43
Mexico,Monterrey,Apartment,Middle,Booming,0.93,87005,111370,142559,5.6,5.36,2.69,2.07,8.41
India,Mumbai,Apartment,Middle,Booming,0.59,401425,607054,918016,10.24,3.94,8.55,0.86,10.54
Mexico,Monterrey,Townhouse,Middle,Stable,0.44,87317,122504,171870,8.06,4.83,9.17,1.77,5.58
Spain,Valencia,Apartment,Middle,Declining,0.75,255176,316274,392001,4.79,6.16,7.84,3.49,11.76
Canada,Vancouver,Townhouse,Low,Booming,0.54,372242,471572,597407,5.34,6.06,5.28,3.98,9.56
Mexico,Guadalajara,Villa,High,Declining,1.16,425736,658442,1018343,10.93,6.89,5.13,1.38,6.33
South Africa,Cape Town,Villa,High,Declining,0.32,285797,379476,503861,6.56,5.15,9.77,3.69,4.46
Spain,Valencia,Condo,Low,Stable,0.63,240780,300564,375192,4.97,6.79,5.72,2.5,10.68
Germany,Munich,Villa,Low,Booming,1.03,109495,157964,227887,8.85,4.61,3.65,0.68,7.39
UK,London,Villa,Low,Booming,0.62,163181,233686,334655,8.64,6.62,3.2,0.67,10.64
France,Lyon,Townhouse,Middle,Stable,0.31,471701,658112,918192,7.9,3.93,3.22,0.53,5.12
Mexico,Monterrey,Villa,Low,Stable,0.42,325475,371562,424175,2.83,5.17,6.31,1.54,3.32
Indonesia,Bandung,Condo,High,Stable,0.33,61856,90095,131225,9.13,3.91,8.17,2.01,7.08
China,Beijing,Villa,High,Declining,0.76,370864,445195,534424,4.01,2.73,6,1.64,6.98
Mexico,Monterrey,Condo,Low,Booming,0.88,272357,378890,527094,7.82,5.27,7.66,2.97,7.81
Japan,Tokyo,Condo,Middle,Booming,0.91,443102,570604,734795,5.75,4.48,7.88,2.54,3.64
Australia,Brisbane,Apartment,High,Declining,1.1,63852,93328,136410,9.23,6.55,9.58,0.69,8.37
Canada,Toronto,Condo,High,Declining,0.69,198785,218599,240388,1.99,5.38,5.31,0.87,8.51
Spain,Madrid,Townhouse,High,Declining,0.96,395275,611868,947145,10.96,4.46,9.58,3.53,5.67
Italy,Milan,Villa,Middle,Declining,0.44,245925,312582,397305,5.42,5.45,6.25,3.12,7.59
Mexico,Monterrey,Apartment,Middle,Declining,0.39,436231,532364,649681,4.41,7.83,2.06,3.85,3.82
USA,Moscow,Condo,Middle,Stable,0.51,70961,102029,146698,8.76,7.1,4.91,3.75,8.31
UK,Manchester,Condo,Low,Declining,0.87,430439,522225,633585,4.26,4.13,9.15,3.65,11.79
Russia,Los Angeles,Townhouse,Middle,Stable,1.11,107317,161303,242447,10.06,4.46,9.92,2.15,7.98
India,Mumbai,Townhouse,Low,Booming,0.78,194782,212558,231956,1.83,7.37,8.22,0.99,9.99
Russia,New York,Townhouse,Middle,Stable,0.86,234115,278529,331369,3.79,7.16,7.3,2.42,8.49
UK,London,Villa,Low,Declining,0.38,263264,304474,352135,3.13,3.25,6.95,3.69,6.63
Spain,Valencia,Villa,High,Booming,0.49,341936,522873,799552,10.58,6.49,8.82,2.38,9.77
South Africa,Cape Town,Townhouse,Low,Stable,0.43,206724,261351,330413,5.29,5.07,9.36,3.56,4.21
Italy,Rome,Villa,Middle,Booming,0.46,210938,255216,308788,4.2,5.69,9.12,3.87,8.88
Turkey,Izmir,Villa,High,Declining,1.05,286341,333467,388349,3.29,5.15,6,3.1,4.98
South Africa,Johannesburg,Apartment,Middle,Booming,0.63,213812,337330,532203,11.55,4.66,7.8,3.13,5.39
India,Bangalore,Villa,Low,Declining,0.81,452436,593306,778037,6.23,7.67,2.93,0.76,11.02
Germany,Frankfurt,Townhouse,High,Declining,1.06,496665,707086,1006654,8.47,7.62,8.44,3.46,8.12
India,Bangalore,Condo,Middle,Declining,0.64,470551,605912,780211,5.75,5.23,5.02,2.48,7.23
Japan,Tokyo,Villa,High,Stable,0.34,446922,578503,748824,5.89,5.53,2.25,0.51,5.21
Indonesia,Surabaya,Condo,High,Declining,0.93,94638,146678,227334,11,3.29,2.84,1.14,3.13
UK,Birmingham,Townhouse,Middle,Stable,0.99,443766,615853,854675,7.76,3.13,3.57,2.17,11.59
Italy,Naples,Apartment,Middle,Booming,0.52,379241,489864,632755,5.83,3.79,5.1,0.75,10.19
Australia,Melbourne,Condo,Low,Stable,0.52,376435,409408,445269,1.75,7.73,2.74,3.59,10.29
Indonesia,Bandung,Villa,High,Declining,1.17,265051,384342,557322,9,4.22,2.66,2.05,4.49
Mexico,Monterrey,Condo,High,Stable,1.18,93311,128215,176176,7.48,5.76,5.84,2.82,4.05
Spain,Barcelona,Townhouse,Middle,Stable,0.8,179246,280895,440190,11.34,6.57,9.75,0.63,5.57
France,Lyon,Apartment,Low,Booming,0.48,55020,65104,77036,3.67,6.07,3.08,2.28,10.99
India,Bangalore,Townhouse,Middle,Booming,0.92,227583,285584,358368,5.1,4.73,2.59,2.72,6.28
South Korea,Seoul,Condo,High,Declining,1.07,390449,541077,749815,7.72,4.19,2.89,3.22,7.38
Mexico,Guadalajara,Condo,Middle,Booming,0.5,137829,157258,179427,2.82,6.66,3.06,2.34,7.06
Australia,Melbourne,Townhouse,High,Declining,0.82,444720,679203,1037320,10.55,4.71,1.14,1.99,8.46
France,Lyon,Apartment,Middle,Declining,0.8,343101,389331,441790,2.69,5.88,2.64,3.13,6.05
Russia,New York,Condo,Low,Booming,0.94,71540,91164,116173,5.49,6.23,3.04,3.28,8.68
UK,Manchester,Apartment,Middle,Booming,0.83,209097,275035,361767,6.31,5.58,5.25,2.94,6.9
South Africa,Johannesburg,Townhouse,Low,Declining,0.48,146270,154051,162245,1.06,3.81,7.74,3.28,4.82
Brazil,Sao Paulo,Townhouse,Middle,Declining,1.16,276081,429124,667003,11.09,6.24,7.5,0.8,4.98
France,Lyon,Apartment,Middle,Stable,0.31,372257,461391,571867,4.79,6.72,4.05,3.37,4.18
Saudi Arabia,Riyadh,Villa,Middle,Declining,0.46,203394,259260,330471,5.49,4.09,7.87,0.84,6.16
Mexico,Monterrey,Townhouse,Middle,Declining,1.05,80059,125555,196907,11.37,7.92,1.8,1.52,6.35
China,Shenzhen,Townhouse,High,Declining,1,318167,446834,627534,8.09,6.55,2.06,3.42,9.35
Canada,Toronto,Townhouse,Middle,Stable,0.82,450381,646372,927653,8.7,3.21,4.87,2.23,3.5
Brazil,Sao Paulo,Townhouse,Middle,Booming,1.16,107860,154628,221676,8.67,5.04,1.23,3.74,10.67
South Africa,Cape Town,Apartment,High,Stable,0.77,153024,170911,190890,2.34,4.18,3.3,2.27,11.7
China,Shanghai,Apartment,Low,Booming,0.82,450469,634253,893017,8.16,4.85,8.69,2.15,10.82
China,Beijing,Condo,Middle,Booming,0.56,107966,164154,249583,10.41,5.52,9,3.78,3.48
Indonesia,Jakarta,Townhouse,Middle,Declining,0.75,218734,304964,425187,7.88,6.76,3.53,2.45,9.38
South Korea,Seoul,Townhouse,Low,Booming,0.42,416330,575935,796725,7.67,7.7,4.06,0.88,7.56
Mexico,Guadalajara,Condo,High,Booming,0.38,486287,520948,558079,1.43,6.52,5.73,1.79,3.59
USA,Kazan,Condo,Middle,Booming,0.86,313349,377425,454603,4.09,7.46,3.74,2.07,7.89
Australia,Brisbane,Condo,Low,Stable,0.39,469473,589655,740604,5.12,2.48,4.49,2.6,7.62
South Korea,Seoul,Condo,Middle,Stable,0.93,74968,90448,109126,4.13,6.92,1.72,3.49,3.83
Italy,Naples,Townhouse,High,Booming,1.05,212355,294476,408354,7.73,2.92,1.6,1.26,4.15
China,Beijing,Condo,High,Stable,0.58,281472,386692,531244,7.48,6.74,6.91,2.63,6.71
Turkey,Ankara,Apartment,Low,Stable,0.73,236534,357922,541604,10.26,3.38,1.05,2.78,4.82
South Korea,Incheon,Condo,Middle,Booming,1.1,436571,476823,520786,1.84,2.64,5.46,2.63,5.47
India,Mumbai,Apartment,Middle,Booming,0.95,317712,390358,479615,4.57,2.15,7.75,1.25,10.51
India,Bangalore,Condo,Middle,Stable,0.68,309685,473856,725057,10.6,7.18,4.34,1.23,9.98
South Korea,Busan,Townhouse,Middle,Booming,0.69,136419,211099,326662,10.95,3.19,1.23,0.57,8.6
France,Lyon,Condo,Low,Declining,0.9,189969,232903,285540,4.52,4.04,7.12,0.7,11.36
Italy,Milan,Townhouse,Middle,Stable,0.5,499853,572000,654562,2.89,6.63,3.01,0.78,10.87
Indonesia,Surabaya,Villa,High,Booming,1.07,231607,332661,477807,8.73,5.34,8.68,1.6,7.71
Saudi Arabia,Jeddah,Condo,High,Declining,0.74,209258,322320,496469,10.81,3,2.35,2.52,8.92
Saudi Arabia,Dammam,Villa,Low,Stable,0.48,225823,354680,557063,11.41,3.48,7.02,3.09,7.03
Germany,Munich,Apartment,Middle,Booming,1.14,381496,496653,646572,6.04,5.42,7.23,2.57,10.91
Japan,Tokyo,Apartment,Middle,Stable,0.62,184949,215948,252143,3.35,2.23,1.39,3.55,9.11
UK,London,Condo,Low,Booming,0.89,326589,495459,751646,10.34,4.88,8.83,1.76,11.34
France,Paris,Apartment,High,Declining,0.93,165730,225433,306645,7.2,5.2,2.24,2.57,5.83
Japan,Yokohama,Villa,Low,Booming,0.35,476895,668998,938484,8.06,7.26,7.08,1.75,7.61
USA,Moscow,Townhouse,High,Declining,0.91,482114,573483,682168,3.79,7.25,9.32,2.85,11.38
France,Marseille,Townhouse,Low,Booming,0.66,478857,687893,988180,8.73,2.25,9.16,2.2,7.14
Germany,Berlin,Villa,Middle,Declining,0.81,117223,153333,200565,6.16,6.99,1.14,1.46,3.02
France,Marseille,Villa,Middle,Declining,0.67,377742,562580,837865,9.79,7.67,6.48,1.39,11.32
Russia,New York,Condo,High,Declining,1,308493,441947,633135,8.65,7.55,7.41,1.79,9.42
Canada,Montreal,Apartment,Middle,Declining,0.34,223887,285115,363088,5.47,3,1.21,0.97,8.89
Russia,New York,Villa,Low,Booming,1.02,494692,613665,761251,4.81,5.6,9.43,1.08,9.46
Germany,Berlin,Townhouse,High,Declining,0.98,90039,137191,209037,10.47,6.88,1.3,0.82,3.44
UAE,Dubai,Condo,High,Declining,0.6,279180,374881,503386,6.86,3.61,9.2,1.79,3.41
France,Paris,Villa,Low,Stable,0.57,288999,368336,469452,5.49,3.64,2.18,3.37,11.97
China,Shanghai,Townhouse,High,Booming,0.6,221729,308186,428355,7.8,6.31,4.53,3.67,8.04
Saudi Arabia,Riyadh,Townhouse,Low,Stable,0.71,341003,536753,844871,11.48,6.77,1.36,1.66,7.23
Turkey,Ankara,Villa,High,Declining,0.58,365084,549251,826319,10.09,6.39,9.9,1.45,10.87
China,Shenzhen,Apartment,Low,Booming,0.99,212980,309624,450122,9.08,2.62,8.1,2.36,5.63
USA,Saint Petersburg,Condo,Low,Declining,0.89,338729,394693,459903,3.3,2.18,4.9,2.49,10.89
Russia,Los Angeles,Townhouse,Low,Stable,1.14,287962,421747,617688,9.29,4.64,7.71,1.22,6.34
Russia,Los Angeles,Townhouse,High,Declining,0.87,58171,84194,121859,8.95,7.01,4.59,2.07,10.66
Spain,Valencia,Apartment,Middle,Stable,1,179667,220665,271018,4.56,6.07,6.07,1.07,5.79
UK,Manchester,Apartment,High,Stable,1.11,359678,572711,911920,11.85,6.6,9.48,1.26,9.94
South Korea,Incheon,Condo,High,Booming,0.32,351842,460246,602051,6.16,4.08,8.76,3.49,3.2
USA,Moscow,Townhouse,High,Booming,0.85,215525,275573,352351,5.57,6.99,3.79,3.8,4.62
Russia,Los Angeles,Villa,Low,Declining,0.9,352447,418957,498017,3.77,3.95,8.51,3.17,5.96
USA,Saint Petersburg,Villa,High,Stable,0.78,77756,90571,105498,3.3,4.91,1.77,3.45,9.46
UK,Manchester,Townhouse,Middle,Declining,1.15,362060,567428,889285,11.34,5.33,6.4,3.92,8.78
UK,London,Townhouse,Low,Declining,0.33,375711,581604,900327,10.96,6.77,6.25,2.85,11.91
Indonesia,Bandung,Villa,High,Booming,0.38,350260,422368,509320,4.12,5.84,6.47,1.04,4.86
UAE,Sharjah,Apartment,Low,Declining,0.86,107703,128797,154022,3.92,7.01,3.94,2.21,11.47
Turkey,Istanbul,Townhouse,High,Booming,0.5,225332,311758,431333,7.67,6.53,9.11,3.7,9.99
Turkey,Istanbul,Townhouse,Low,Booming,0.51,61164,77133,97270,5.22,2.85,7.39,2.81,3.4
UAE,Sharjah,Condo,Middle,Declining,1.05,161934,208527,268525,5.75,6.01,4.86,2.04,3.59
Saudi Arabia,Jeddah,Villa,High,Declining,0.66,394182,612301,951115,11.07,4.48,4.81,2.96,11.48
USA,Kazan,Townhouse,Low,Stable,0.54,248065,369067,549093,9.76,5.66,2,2.7,4.68
UAE,Sharjah,Condo,High,Stable,0.76,288096,441338,676092,10.64,4.77,3.51,1.31,10.87
USA,Moscow,Villa,Middle,Stable,0.45,241641,278599,321209,3.06,6.64,5.27,1.73,6.25
Japan,Yokohama,Condo,Low,Stable,1.07,299198,432290,624584,8.9,7.38,9.12,1.65,11.57
Turkey,Ankara,Condo,Middle,Booming,0.32,219576,338738,522567,10.85,3.65,3.46,1.56,8.51
South Korea,Incheon,Apartment,Low,Stable,0.69,377031,581457,896724,10.84,6.05,2.84,3.76,5.38
South Africa,Durban,Apartment,Middle,Stable,0.43,90485,123047,167327,7.2,2.68,2.25,1.55,5.53
Germany,Berlin,Condo,High,Booming,0.84,417535,613252,900709,9.37,3.57,3.21,3.88,3.07
South Korea,Seoul,Apartment,High,Stable,1.09,139878,219749,345227,11.42,4.05,4.96,2.97,8.29
India,Bangalore,Condo,Low,Stable,0.59,299224,434440,630758,9.04,2.25,1.1,2.1,4.19
India,Delhi,Apartment,Middle,Stable,0.9,146324,188475,242768,5.76,3.19,5.94,0.91,3.21
Saudi Arabia,Jeddah,Condo,Middle,Booming,0.35,479416,540905,610280,2.57,6.25,1.61,0.88,7.58
France,Paris,Townhouse,Middle,Declining,0.72,478211,750629,1178231,11.39,6.68,6.42,2.09,6.21
Turkey,Istanbul,Apartment,Low,Booming,1.15,321309,439708,601736,7.37,3.39,1.42,3.81,5.82
Saudi Arabia,Dammam,Townhouse,High,Stable,0.7,101588,153429,231725,10.21,2.17,8.51,0.99,10.98
UK,London,Condo,High,Declining,0.96,124102,168927,229944,7.22,3.88,2.6,3.51,6.63
Germany,Frankfurt,Townhouse,Middle,Declining,0.66,126449,159413,200969,5.21,7.23,4.27,3.83,11.52
USA,Saint Petersburg,Condo,High,Declining,0.43,129790,197861,301634,10.49,4.36,1.04,1.46,8.38
Indonesia,Surabaya,Townhouse,Middle,Declining,1.02,110025,122215,135757,2.22,7.53,7.76,2.56,9.92
France,Paris,Condo,Low,Stable,0.69,391305,490889,615816,5.09,3.46,7.56,1.97,11.83
India,Mumbai,Condo,High,Stable,0.61,464777,726507,1135625,11.26,3.45,8.18,2.02,11.26
Turkey,Ankara,Townhouse,High,Booming,0.71,384937,503048,657399,6.14,3.37,2.79,1.99,9.8
Japan,Yokohama,Condo,Low,Stable,0.84,359883,433760,522802,4.11,4.89,1.4,3.36,11.91
India,Delhi,Condo,Middle,Declining,0.67,54934,62810,71816,2.87,5.92,6.51,3.26,5.28
Japan,Yokohama,Villa,High,Stable,0.99,359593,441417,541861,4.55,5.27,2.33,2.08,10.93
Canada,Montreal,Condo,High,Stable,0.68,427805,588078,808395,7.49,3.15,6.23,2.27,6.59
India,Mumbai,Townhouse,High,Stable,0.41,237519,258900,282206,1.8,2.59,4.74,1.57,11.33
Saudi Arabia,Riyadh,Villa,Middle,Stable,0.64,391036,524628,703860,6.83,6.22,3.34,3.8,7.77
Turkey,Ankara,Villa,Middle,Booming,1.05,214271,236794,261685,2.1,6.04,1.07,2.16,4.74
Brazil,Brasilia,Villa,Middle,Declining,0.86,490739,640621,836281,6.11,6.9,5.57,2.24,11.37
UAE,Abu Dhabi,Condo,Low,Stable,1.1,403610,489555,593801,4.26,5.27,3.02,2.05,7.36
Italy,Rome,Condo,Low,Booming,1.05,453213,579225,740273,5.56,2.11,8.76,1.11,8.6
France,Lyon,Apartment,High,Declining,0.32,229778,365870,582567,11.85,2.6,4.81,1.58,11.15
Saudi Arabia,Dammam,Townhouse,Low,Booming,1.08,156964,171822,188085,1.89,5.76,4.03,2.85,3.29
Germany,Berlin,Condo,Middle,Booming,0.42,358868,418728,488573,3.34,7.15,1.53,1.25,11.99
Mexico,Guadalajara,Condo,Low,Stable,0.69,366335,421455,484869,3.01,5.66,7.53,1.6,10.46
India,Mumbai,Condo,High,Stable,0.84,225105,305401,414339,7.13,5.46,2.49,1.91,6.09
Australia,Sydney,Apartment,Low,Declining,0.66,392500,516293,679129,6.31,7.64,3.64,1.95,10.08
Italy,Naples,Townhouse,Middle,Booming,0.79,296163,319659,345020,1.59,4.39,3.44,4,5.78
France,Paris,Condo,Middle,Declining,1.1,354305,438454,542589,4.75,5.26,8.56,3.59,4.44
Germany,Berlin,Condo,High,Declining,0.61,200850,215538,231299,1.46,5.59,8.69,1.84,9.66
Turkey,Izmir,Condo,Middle,Booming,0.86,219042,246988,278499,2.55,6.26,8.69,2.9,3.16
South Korea,Busan,Villa,Middle,Booming,0.49,81266,110823,151131,7.27,6.54,2,3.43,8
Germany,Munich,Condo,High,Stable,0.92,487131,533907,585176,1.92,7.41,2.13,1.88,10.66
Mexico,Guadalajara,Condo,Middle,Stable,1.12,277867,382556,526687,7.54,6.25,8.49,0.93,10.29
China,Beijing,Apartment,High,Stable,0.73,252781,324354,416193,5.66,5.06,9.51,2.42,11.58
UAE,Dubai,Townhouse,Middle,Declining,0.46,375861,562563,842006,9.93,6.07,6.46,2.48,10.75
UK,Manchester,Condo,Middle,Declining,1.04,105030,159301,241616,10.33,4.48,3.28,3.54,6.89
Australia,Sydney,Apartment,Low,Stable,1.03,168532,177322,186572,1.04,4.97,1.9,3.14,5.48
France,Paris,Villa,Middle,Stable,0.7,89165,107681,130043,4.15,6.69,2.36,2.77,11.26
China,Beijing,Condo,High,Declining,0.91,414960,460578,511211,2.2,3.5,9.05,3,8.76
UK,Birmingham,Apartment,Low,Booming,0.9,236390,254003,272928,1.49,6.71,7.11,2.15,11.1
Japan,Osaka,Townhouse,High,Stable,0.6,182445,279147,427106,10.6,6.78,5.63,0.96,4.94
Canada,Montreal,Villa,Middle,Booming,0.89,223269,337149,509115,10.2,7.7,8.25,1.82,10.1
Canada,Vancouver,Villa,Low,Declining,0.62,125195,133754,142898,1.37,4.31,9.13,1.34,4.86
USA,Kazan,Villa,High,Stable,1.17,61252,90786,134562,9.64,3.93,1.34,3.71,4.26
Australia,Melbourne,Condo,Low,Declining,0.8,173324,188205,204364,1.72,2.3,2.04,0.75,9.85
Indonesia,Bandung,Apartment,Low,Declining,0.74,204301,261527,334781,5.6,7.57,9.2,3,10.96
Russia,New York,Villa,Middle,Booming,0.59,221499,307339,426446,7.75,5.74,5.34,1.9,11.88
India,Delhi,Villa,Middle,Booming,1.04,245741,356327,516678,9,3.62,1.9,1.73,6.63
Brazil,Brasilia,Villa,High,Declining,0.31,416656,519802,648483,4.95,5.48,1.67,1.11,11.01
UAE,Dubai,Apartment,Low,Booming,0.85,477628,763876,1221677,11.99,4.23,3.69,3.5,11.99
France,Lyon,Condo,Low,Booming,0.87,407813,603547,893226,9.6,4.13,6.17,3.42,9.19
South Africa,Johannesburg,Townhouse,Low,Booming,0.32,201518,227606,257073,2.59,3.4,9.15,0.63,4.98
Germany,Munich,Villa,High,Declining,0.58,327598,440212,591537,6.88,3.31,2.48,1.33,7.52
India,Mumbai,Condo,High,Declining,0.54,476421,621790,811514,6.1,2.35,7.56,1.65,8.88
UAE,Sharjah,Condo,High,Booming,0.55,306835,452484,667271,9.49,7.57,3.35,1.67,7.18
Australia,Brisbane,Townhouse,Low,Booming,1.13,455624,500928,550737,1.99,2.79,5.46,0.87,6.11
UAE,Sharjah,Villa,Middle,Declining,0.43,336218,528610,831092,11.44,7.98,4.38,2.6,10.71
Indonesia,Bandung,Apartment,Low,Stable,0.41,360304,459339,585594,5.5,3.24,4.62,0.77,9.26
Japan,Yokohama,Condo,Low,Declining,0.53,190133,212301,237054,2.33,7.19,5.44,2.5,8.12
South Africa,Johannesburg,Townhouse,High,Stable,0.67,136638,199468,291188,9.2,2.76,1.93,2.99,4.88
Japan,Osaka,Apartment,Low,Booming,0.58,263852,342254,443953,5.94,6.25,6.61,2.76,9.43
France,Marseille,Apartment,Middle,Booming,0.56,195050,251790,325035,5.82,3.84,9.86,3.35,4.48
France,Lyon,Townhouse,Middle,Declining,0.31,69252,82011,97121,3.68,2.69,5.8,3.5,9.63
Spain,Valencia,Townhouse,Middle,Booming,0.49,229685,305329,405887,6.59,6.86,8.55,3.68,7.58
South Korea,Incheon,Villa,Low,Declining,0.92,100310,136513,185782,7.22,3.49,4.89,2.72,5.31
India,Delhi,Apartment,Middle,Declining,0.35,54605,58001,61608,1.24,2.05,1.99,1.34,4.99
Germany,Berlin,Townhouse,Middle,Stable,1.19,187703,210242,235489,2.4,5.27,8.72,2.87,5.66
USA,Saint Petersburg,Condo,High,Stable,0.81,371685,539114,781961,9.01,6,8.84,3.55,8.21
USA,Saint Petersburg,Condo,Low,Booming,0.69,338707,508066,762107,10,2.03,9.93,1.14,7.23
India,Mumbai,Townhouse,High,Stable,1.08,151268,198500,260479,6.24,2.8,4.56,1.12,6.27
Spain,Barcelona,Condo,Middle,Declining,0.64,496927,793665,1267600,11.94,2.69,7.53,0.68,3.27
Canada,Toronto,Condo,Low,Stable,0.39,484469,759392,1190328,11.35,3.16,2.46,1.34,7.64
UAE,Abu Dhabi,Apartment,Middle,Booming,0.81,149717,219507,321828,9.32,3.86,9.3,2.8,6.93
Turkey,Izmir,Apartment,High,Booming,1.01,418062,505756,611846,4.2,4.04,9.42,1.08,3.38
Saudi Arabia,Riyadh,Apartment,Low,Booming,0.71,410544,605314,892485,9.49,7.52,5.8,0.85,8.3
UAE,Abu Dhabi,Villa,Middle,Stable,1,91998,105334,120603,2.9,2.07,6.34,3.6,9.04
India,Delhi,Apartment,Low,Stable,1.18,78365,121203,187459,10.93,6.88,3.83,3.91,5.59
UK,Manchester,Townhouse,Low,Declining,1.1,446337,654647,960179,9.33,5.38,2.08,2.36,6.21
South Africa,Durban,Townhouse,High,Booming,1.01,391158,606622,940773,11.02,2.09,8.28,3.78,10.1
Spain,Madrid,Townhouse,Low,Stable,0.42,86576,91897,97545,1.23,5.77,6.67,3.95,6.58
Turkey,Ankara,Villa,Middle,Booming,0.6,330991,497839,748792,10.08,7.62,8.23,1.99,8.71
USA,Kazan,Townhouse,Low,Booming,1.07,270774,316583,370142,3.38,3.02,1,3.01,4
Italy,Milan,Villa,Middle,Stable,0.52,184044,249971,339512,7.16,4.39,7.07,0.69,4.12
South Africa,Cape Town,Townhouse,Low,Stable,0.75,201634,244521,296530,4.25,2.4,9.06,2.92,4.09
USA,Kazan,Condo,Middle,Booming,0.36,488693,696213,991857,8.49,4.5,7.32,3.15,10.02
Canada,Montreal,Apartment,High,Stable,0.73,243447,257096,271510,1.12,7.56,6.43,1.21,11.28
China,Shenzhen,Condo,High,Declining,1.12,495133,757915,1160165,10.61,7.99,3.2,3.45,10.41
UK,London,Villa,Middle,Declining,0.51,94297,149808,237997,11.77,3.78,8.84,0.51,3.19
Japan,Osaka,Townhouse,High,Declining,0.72,157422,225020,321647,8.59,5.39,1.7,1.07,6.49
UAE,Abu Dhabi,Apartment,Low,Declining,0.47,406500,519848,664802,5.58,2.56,5.36,0.82,4.16
Brazil,Brasilia,Apartment,High,Declining,0.52,436787,680749,1060973,11.17,6.96,4.01,1.45,7.94
India,Mumbai,Apartment,Low,Booming,0.95,497018,557835,626094,2.45,2.3,7.25,3.41,10.62
UAE,Abu Dhabi,Apartment,Middle,Declining,0.91,479307,637983,849189,6.62,7.48,9.71,3.47,5.79
South Africa,Durban,Apartment,Middle,Declining,0.48,296654,385400,500696,5.98,7.27,1.9,1.4,9.77
Italy,Naples,Townhouse,Middle,Booming,0.39,194344,245444,309980,5.26,5.74,2.42,3.51,7.03
Indonesia,Surabaya,Apartment,High,Booming,1.13,260541,312981,375976,4.03,2.85,1.03,2.36,3.96
Canada,Vancouver,Condo,High,Declining,0.65,315172,378720,455080,4.03,3.05,7.97,3.81,3.9
UK,Birmingham,Apartment,Low,Stable,0.44,482006,516123,552655,1.42,7.87,1.04,3.56,5.77
Spain,Valencia,Villa,Low,Declining,1.14,192625,271576,382887,8.2,2.48,3.18,3.21,7.76
Canada,Montreal,Townhouse,Middle,Booming,1.14,242938,371306,567503,10.57,4.69,9.81,3.86,5.96
Spain,Valencia,Villa,Middle,Stable,1.1,431425,502987,586420,3.32,5.75,1.65,3.43,4.57
Indonesia,Jakarta,Villa,Middle,Stable,0.36,230099,314615,430176,7.35,7.13,9.77,2.04,3.54
USA,Kazan,Condo,Middle,Declining,0.97,304328,394513,511423,5.93,3.86,5.52,1.69,9.81
South Africa,Johannesburg,Condo,Middle,Stable,0.79,444581,599718,808989,6.98,3.43,8.66,2.45,4.86
Germany,Frankfurt,Condo,High,Booming,0.86,210973,319502,483861,10.29,4.72,7.54,0.83,6.56
UK,Birmingham,Condo,Middle,Booming,1.18,413807,470899,535868,2.76,3.67,3.97,2.78,9.81
Brazil,Sao Paulo,Villa,Middle,Declining,0.97,279443,418034,625358,9.92,4.62,2.11,2.48,11.57
Russia,New York,Condo,High,Stable,1.01,310415,436364,613416,8.11,7.58,4.86,1.66,11.8
South Korea,Incheon,Townhouse,High,Booming,1.08,195370,254973,332760,6.1,4.49,2.34,3.85,6.64
Indonesia,Bandung,Apartment,High,Declining,1.09,135210,182714,246906,7.03,2.14,7.88,2.53,8.63
Australia,Sydney,Condo,High,Declining,0.35,144967,158142,172514,1.82,3.73,6.65,2.48,8.51
USA,Kazan,Townhouse,Low,Declining,0.79,172863,204753,242525,3.69,2.82,8.64,2.66,4.68
Italy,Rome,Townhouse,Middle,Booming,0.46,442866,645921,942077,9.17,5.96,4.66,1.42,11.82
Brazil,Rio de Janeiro,Townhouse,Middle,Booming,1.02,185801,281704,427108,10.32,6.55,3.67,1.99,4.67
Japan,Osaka,Villa,Middle,Stable,0.4,375243,449215,537770,3.94,6.92,9.96,0.77,7.26
France,Marseille,Apartment,Low,Booming,1.02,405028,594580,872843,9.36,4.09,5.08,2.58,11.77
Australia,Brisbane,Townhouse,High,Declining,0.59,465415,557635,668128,3.96,7.93,7.03,2.12,8.52
Spain,Barcelona,Townhouse,Middle,Booming,0.55,173378,192875,214565,2.25,2.68,4.13,3.17,8.47
South Africa,Johannesburg,Townhouse,Middle,Stable,0.39,433506,598565,826470,7.62,7.77,7.03,1.11,7.26
UAE,Sharjah,Apartment,Middle,Stable,0.88,62719,66369,70232,1.16,2.78,3.26,2,7.39
Saudi Arabia,Dammam,Villa,Low,Declining,0.42,353026,486426,670235,7.56,3.77,1.12,0.77,6.53
Germany,Munich,Condo,High,Booming,0.44,219569,306408,427593,7.91,5.28,3.08,1.7,8.53
Canada,Montreal,Townhouse,High,Booming,1.07,388946,526777,713451,7.09,4.17,4.29,3.58,3.35
Japan,Yokohama,Villa,Middle,Booming,1.19,348969,497150,708253,8.49,2.23,6.45,2.2,3.95
Saudi Arabia,Jeddah,Villa,Low,Stable,0.55,450642,609490,824331,7.05,4.48,1.65,3,9.33
Russia,Los Angeles,Townhouse,High,Declining,0.85,279618,360311,464290,5.77,5.56,3.1,3.79,8.3
UK,Manchester,Townhouse,High,Declining,0.58,252356,376799,562609,9.86,2.97,3.64,2.88,5.84
Spain,Valencia,Apartment,Middle,Booming,1.01,108704,159738,234732,9.39,2.41,1.11,3.64,8.23
Indonesia,Jakarta,Apartment,High,Booming,0.62,154668,214878,298527,7.79,5.05,9.92,3.94,8.72
UAE,Sharjah,Apartment,Low,Booming,0.7,271013,386293,550607,8.51,2.61,3.96,0.76,3.66
Spain,Madrid,Villa,Middle,Booming,0.48,268364,397615,589117,9.63,4.91,4.02,0.79,7.95
Indonesia,Jakarta,Townhouse,Low,Booming,0.54,326720,518653,823338,11.75,2.67,2.91,2.16,11.72
UAE,Dubai,Condo,High,Stable,0.99,454203,560279,691129,4.67,7.95,1.93,0.69,10.7
France,Paris,Villa,Low,Declining,1.13,90763,100964,112311,2.25,2.2,1.94,1.23,11.73
Italy,Rome,Apartment,Low,Booming,0.9,400349,591266,873227,9.54,5.21,8.18,2.59,5.83
Brazil,Rio de Janeiro,Townhouse,High,Booming,0.8,290079,435959,655203,10.06,7.89,4.7,3.17,3.9
Russia,New York,Condo,Low,Booming,1,217138,232699,249375,1.43,4.18,6.5,0.92,11.32
Saudi Arabia,Riyadh,Townhouse,Middle,Declining,0.37,468503,674141,970039,8.78,3.98,4.52,3.09,8.41
Canada,Toronto,Villa,High,Booming,0.9,225124,296780,391245,6.37,7.94,2.93,1.96,5.63
Canada,Vancouver,Townhouse,High,Stable,0.99,393806,476838,577376,4.22,2.49,1.1,2,6.69
Germany,Munich,Villa,High,Booming,1.19,261411,311348,370825,3.82,7.35,5.42,2.6,3.86
Turkey,Istanbul,Apartment,Middle,Declining,0.64,474901,652622,896851,7.48,4.07,6.63,3.69,5.47
Spain,Madrid,Villa,Middle,Stable,0.75,481411,551128,630941,2.9,6.32,6.53,2.88,6.16
Italy,Rome,Townhouse,Middle,Stable,0.58,357894,418217,488707,3.37,4.52,2.69,0.53,11.73
China,Shenzhen,Villa,Low,Booming,0.69,486207,548042,617741,2.54,5.52,2.81,3.27,10.05
USA,Saint Petersburg,Villa,Middle,Stable,0.4,460429,532738,616402,3.14,5.68,9.87,3.59,11.61
China,Shanghai,Condo,Low,Declining,0.61,97509,112486,129762,3.07,5,8.14,1.03,8.94
UK,Birmingham,Apartment,High,Stable,0.59,203541,287818,406990,8.28,4.8,8.31,1.05,10.11
UAE,Dubai,Apartment,Middle,Declining,0.36,137324,193748,273356,8.22,7.13,3.27,1.65,7.83
India,Delhi,Villa,High,Declining,0.49,415020,612363,903541,9.51,2.87,5.17,3.21,6.04
Italy,Rome,Townhouse,High,Declining,0.87,72596,100529,139211,7.7,2.92,8.48,1.74,5.53
Mexico,Monterrey,Villa,Low,Stable,1.06,72565,92022,116696,5.36,4.22,3.56,3.69,9.76
Mexico,Monterrey,Townhouse,Middle,Booming,0.36,371609,497962,667276,6.8,7.41,3.82,2.51,7.51
UK,Manchester,Condo,High,Stable,0.74,255247,296877,345297,3.26,6.53,5.06,3.85,5.35
USA,Moscow,Condo,High,Stable,0.91,473323,669705,947567,8.3,7.23,8.45,1.76,8.4
UAE,Dubai,Apartment,High,Declining,0.44,290987,342413,402929,3.53,6.46,5.75,1.94,5.42
Canada,Toronto,Condo,High,Booming,1.2,82270,88354,94889,1.48,3.3,9.74,3.93,8.89
UAE,Sharjah,Townhouse,High,Stable,1.09,146283,231803,367321,11.69,2.86,1.91,0.89,8.16
Russia,New York,Apartment,High,Stable,1,215000,341387,542068,11.76,4.61,2.35,2.13,9.11
South Africa,Durban,Apartment,High,Stable,1.05,256446,352993,485890,7.53,3.6,6.81,3.95,3.44
South Africa,Johannesburg,Apartment,Middle,Stable,1.1,303027,360194,428147,3.77,7.73,5.35,1.66,4.63
Spain,Barcelona,Condo,High,Stable,0.52,424782,589566,818274,7.76,7.48,3.09,0.92,3.05
UK,London,Villa,Low,Booming,0.76,499238,715024,1024080,8.64,3.85,8.89,3.24,3.14
Canada,Toronto,Apartment,Low,Booming,1.04,185237,209748,237502,2.65,3.36,5.22,1.99,5.6
Turkey,Istanbul,Condo,High,Declining,0.45,393004,626668,999261,11.89,6.67,3.66,1.36,4.96
South Korea,Busan,Apartment,Middle,Booming,0.42,298099,412262,570146,7.66,6.23,7.12,1.52,5.97
Japan,Osaka,Townhouse,High,Booming,0.91,207251,241851,282226,3.34,4.25,3.45,0.81,10.47
Saudi Arabia,Dammam,Townhouse,High,Declining,1.07,148888,161636,175476,1.71,6.43,2.9,1.88,3.58
Indonesia,Jakarta,Condo,High,Stable,0.5,406806,607125,906084,9.85,3.24,4.02,0.97,3.67
South Korea,Busan,Townhouse,Low,Stable,1.19,345017,465136,627075,6.96,6.59,8.56,3.32,3.15
UAE,Dubai,Apartment,Low,Booming,0.47,344707,433183,544367,5.13,7.89,6.99,3.85,4.81
Saudi Arabia,Dammam,Condo,Low,Booming,1.08,194609,310257,494630,11.89,2.95,5.65,3.27,6.89
India,Bangalore,Villa,High,Booming,0.72,493860,634077,814103,5.68,5.62,1.49,3.45,8.83
Spain,Barcelona,Condo,Low,Declining,0.66,57276,78779,108354,7.51,2.08,1.01,2.66,4.7
Italy,Milan,Townhouse,Middle,Stable,0.47,343972,371330,400863,1.59,3.88,2.34,2.53,8.96
Germany,Frankfurt,Apartment,Low,Booming,0.95,164854,181189,199143,1.98,2.47,4.84,3.81,4.96
UAE,Abu Dhabi,Apartment,Low,Declining,0.53,95400,131944,182487,7.66,6.08,6.79,3.51,7.38
South Africa,Cape Town,Townhouse,High,Declining,0.42,180232,254909,360527,8.29,5.68,5.78,2.89,8.74
Turkey,Ankara,Apartment,High,Stable,1.09,313707,463732,685503,9.56,3.49,7.1,3.66,6.47
Turkey,Izmir,Condo,High,Declining,1,376155,407278,440976,1.65,5.49,2.17,3.89,10.3
South Korea,Busan,Townhouse,Low,Declining,0.4,104788,144289,198681,7.54,4.07,1.31,2.4,6.49
Russia,New York,Condo,Low,Booming,0.39,410864,638192,991299,11.07,6.54,8.4,1.26,5.37
India,Mumbai,Condo,Low,Declining,0.49,394279,619551,973535,11.43,6.3,8.93,2.74,6.49
USA,Moscow,Condo,Middle,Stable,0.68,83895,89541,95567,1.35,6.17,4.95,2.43,8.02
India,Mumbai,Villa,Middle,Booming,0.55,264152,345753,452562,6.18,4.33,8.39,2.08,8.43
Saudi Arabia,Riyadh,Villa,Middle,Booming,1.11,439805,677182,1042679,10.79,3.62,1.31,1.41,5.51
Saudi Arabia,Jeddah,Townhouse,High,Stable,1.12,342159,374643,410210,1.9,2.81,2.4,2.71,9.62
Germany,Berlin,Townhouse,Middle,Declining,1.07,473286,549456,637884,3.22,3.86,3.16,1.76,11.23
Russia,New York,Townhouse,Middle,Booming,0.82,382186,504320,665483,6.39,2.17,1.58,2.38,9.47
South Africa,Durban,Apartment,Middle,Stable,0.49,374859,560739,838791,9.92,4.47,7.72,1.91,9.11
Mexico,Guadalajara,Townhouse,High,Declining,0.99,496367,615479,763175,4.8,4.47,2.49,1.21,9.24
USA,Kazan,Condo,High,Declining,1.13,227572,261461,300396,2.98,3.71,5.1,1.52,5.1
UAE,Sharjah,Townhouse,Middle,Stable,0.96,53530,72083,97065,6.93,6.76,3.4,2.61,9.02
Brazil,Brasilia,Townhouse,High,Booming,0.89,250632,310939,385756,4.81,7.02,7.83,1.62,3.93
France,Lyon,Villa,High,Declining,0.36,92424,126675,173617,7.41,2.31,4.03,3.14,5.65
Australia,Melbourne,Condo,Middle,Booming,0.99,385460,456849,541460,3.7,6.37,7.73,1.89,4.89
UK,London,Apartment,Low,Booming,0.77,464629,651312,913002,8.04,3.04,7.14,2,8.32
Brazil,Brasilia,Villa,High,Stable,0.96,281726,421939,631934,9.95,6.33,6.54,1.03,10.52
Russia,Los Angeles,Villa,Low,Stable,1.14,111634,147193,194079,6.37,3.55,7.79,3.03,4.27
USA,Kazan,Apartment,Low,Stable,1.09,131438,195644,291215,9.77,4.74,3.95,1.05,4.51
Turkey,Izmir,Townhouse,High,Stable,0.9,297694,332568,371527,2.34,2.68,1.65,3.1,9.41
USA,Kazan,Townhouse,High,Booming,0.35,302122,331298,363292,1.93,7.42,9.16,2.94,11.34
Saudi Arabia,Riyadh,Condo,Middle,Stable,1.03,422842,576478,785935,7.27,3.84,2.96,1.65,8.66
China,Beijing,Apartment,Middle,Stable,0.46,166388,217541,284421,6.15,3.4,6.3,3.73,9.73
Canada,Montreal,Condo,Low,Booming,0.9,312225,411628,542679,6.37,3.12,9.05,1.37,3.82
South Africa,Durban,Condo,Middle,Booming,0.98,129027,161870,203073,5.09,2.17,2.23,1.11,3.49
Indonesia,Bandung,Condo,Low,Booming,0.89,426654,535588,672336,5.11,7.25,2.92,1.64,4.36
Saudi Arabia,Jeddah,Condo,Low,Booming,0.86,238941,331485,459871,7.75,6.57,5.91,2.7,11.42
Brazil,Brasilia,Condo,Middle,Booming,0.57,211624,305741,441715,8.89,5.67,2.61,1.82,7.21
Brazil,Sao Paulo,Townhouse,Middle,Declining,0.68,130224,202945,316277,11.17,6.57,5.33,2.88,11.08
Italy,Milan,Townhouse,High,Booming,0.42,162668,219355,295797,6.97,6.79,1.33,3.94,7.09
UAE,Sharjah,Villa,Middle,Stable,0.62,181726,208239,238620,2.92,6.75,9.6,1.95,11.57
Spain,Valencia,Apartment,Low,Declining,1.04,266473,378582,537857,8.41,4.61,6.03,0.7,9.27
South Africa,Durban,Villa,High,Stable,0.35,417688,628086,944467,10.07,3.42,3.91,2.18,8.37
Brazil,Brasilia,Apartment,Low,Declining,0.56,316619,384307,466465,4.28,2.33,1.02,0.85,10.13
France,Lyon,Townhouse,High,Stable,1.17,242135,322518,429586,6.64,2.88,5.96,1.01,8.5
South Africa,Cape Town,Villa,High,Stable,1.14,138064,203025,298550,9.41,2.14,4.38,0.89,6.17
Indonesia,Surabaya,Villa,High,Declining,0.46,217987,278945,356948,5.59,3.8,6.91,3.72,6.61
Germany,Berlin,Apartment,Middle,Declining,0.47,171825,261123,396829,10.39,5.43,5.1,1.02,7.05
Italy,Rome,Apartment,High,Stable,0.55,474423,728828,1119653,10.72,2.5,5.65,1.29,6.7
UK,Birmingham,Villa,Low,Stable,1.09,287382,354577,437483,4.68,3.25,8.2,2.69,7.21
Canada,Montreal,Condo,High,Declining,0.5,200411,316231,498985,11.56,5.12,4.61,2.32,10.01
Mexico,Mexico City,Townhouse,High,Declining,0.61,130418,178896,245394,7.43,5.99,7.41,3.59,6.34
Japan,Osaka,Apartment,Low,Declining,0.37,481257,620464,799937,5.79,5.74,7,2.41,4.85
China,Shanghai,Townhouse,Middle,Stable,0.98,411688,557482,754907,7.08,4.93,2.03,0.79,6.06
Brazil,Rio de Janeiro,Condo,Middle,Stable,0.58,479145,709611,1050928,9.62,5.96,5.66,1.09,11.81
Germany,Frankfurt,Townhouse,Middle,Declining,0.64,98117,129670,171370,6.43,7.24,8.99,0.54,10.98
Turkey,Izmir,Condo,High,Stable,0.54,67538,102406,155277,10.33,7.18,6.37,2.51,10.32
Australia,Sydney,Condo,Middle,Declining,1.01,450547,610046,826009,7.08,7.81,9.97,0.91,10.65
UAE,Abu Dhabi,Villa,High,Booming,0.75,224405,311292,431821,7.74,2.34,5.56,3.55,4.92
South Korea,Busan,Condo,High,Booming,0.68,472766,607841,781507,5.71,4.15,4.96,2.32,8.69
South Africa,Johannesburg,Apartment,Low,Booming,1.02,253446,380071,569960,9.99,5.2,4.05,2.8,9.46
Italy,Rome,Condo,Middle,Stable,0.8,75477,86303,98682,2.87,3.71,3.54,2.86,3.17
China,Shenzhen,Condo,Middle,Declining,0.98,169404,206760,252353,4.41,5.17,2.94,3.6,3.77
South Africa,Durban,Condo,High,Stable,0.7,432240,600258,833587,7.77,3.75,4.79,2.97,11.76
India,Delhi,Villa,Low,Declining,1.1,204095,326349,521835,11.98,2.02,1.25,3.38,4.8
Turkey,Izmir,Villa,Low,Booming,0.35,156717,201280,258515,5.69,6.38,6.62,1.33,7.53
Indonesia,Jakarta,Apartment,Middle,Declining,1.13,416753,511671,628206,4.56,7.89,7.38,0.72,3.32
France,Lyon,Townhouse,High,Declining,0.45,377535,434564,500208,3.02,5.07,1.84,3.72,6.1
Canada,Vancouver,Townhouse,Low,Stable,1.12,475194,500556,527271,1.07,4.78,1.22,3.68,7.67
Indonesia,Jakarta,Condo,Middle,Declining,0.37,99625,125620,158397,5.22,7.64,7.24,3.54,6.3
Italy,Milan,Townhouse,Low,Declining,0.34,488443,517478,548240,1.19,7.69,4.32,0.54,9.2
India,Delhi,Condo,High,Declining,1.18,484532,551647,628058,2.77,3.09,6.09,2.73,9.65
Russia,Chicago,Villa,Low,Booming,0.46,481553,674804,945607,8.03,7.08,5.86,1.95,11.79
Australia,Sydney,Condo,Low,Booming,0.82,440093,692843,1090751,11.49,6.05,5.94,0.51,3.36
Indonesia,Bandung,Condo,High,Booming,0.48,133704,159123,189375,3.8,3.83,4.24,1.97,3.89
Japan,Yokohama,Apartment,Low,Booming,0.34,353275,475344,639591,6.91,4.66,6.71,3.4,6.85
South Korea,Seoul,Apartment,High,Declining,0.88,479108,724312,1095010,10.24,4.56,6.8,1.12,8.04
Japan,Osaka,Villa,Low,Stable,1.18,283242,441914,689475,11.2,4.44,9.99,2.53,3.38
Japan,Tokyo,Condo,High,Stable,0.83,173558,185336,197914,1.36,6.93,3.48,3.29,5.59
Brazil,Brasilia,Apartment,Low,Stable,0.47,488271,609804,761587,4.98,5.61,6.49,2.46,11.23
Germany,Berlin,Apartment,Middle,Declining,0.91,231680,353152,538312,10.49,3.09,5.9,3.83,8.63
China,Beijing,Condo,High,Stable,1.04,344102,520164,786307,10.23,7.67,3.46,1.09,7.36
Germany,Munich,Villa,Low,Stable,0.93,152236,160191,168562,1.05,4.06,9.72,2.93,6.61
UAE,Abu Dhabi,Condo,Low,Declining,0.47,210240,240391,274866,2.87,2.64,9.16,3.99,4.48
Saudi Arabia,Dammam,Apartment,High,Stable,0.35,198379,258669,337282,6.08,3.23,3.71,1.2,9.97
India,Bangalore,Apartment,Middle,Stable,0.94,335728,424015,535518,5.26,7.45,9.73,1.11,5.01
Indonesia,Bandung,Condo,High,Stable,0.77,91063,117475,151548,5.8,5.49,5.7,1.66,7.88
Australia,Brisbane,Condo,Middle,Stable,1.16,142708,201240,283781,8.2,2.26,1.6,2.43,3.94
Australia,Sydney,Apartment,Middle,Booming,0.32,127181,173051,235465,7.21,6.22,2.82,2.84,4.64
UAE,Sharjah,Townhouse,High,Declining,0.85,235382,331792,467690,8.19,7.97,9.44,0.51,10.97
India,Bangalore,Condo,Middle,Booming,0.36,478871,577041,695337,4.1,4.29,1.82,0.89,9.54
USA,Saint Petersburg,Villa,Low,Booming,1.15,324837,468973,677064,8.87,6.57,3.37,0.66,3.02
Australia,Brisbane,Condo,Low,Booming,0.62,158659,172030,186528,1.69,3.08,2.12,3.7,4.26
USA,Kazan,Villa,High,Declining,0.78,316898,427469,576622,6.98,2.59,3.87,0.68,6.56
China,Shanghai,Townhouse,Low,Declining,0.47,302735,433227,619967,8.62,5.19,4.91,1.86,10.58
Japan,Yokohama,Condo,Low,Declining,0.5,380398,557898,818222,9.33,4.52,3.68,2.15,3.84
UK,Manchester,Villa,High,Booming,0.34,100221,115548,133219,3.06,5.03,8.64,1.32,11.42
Indonesia,Bandung,Villa,High,Declining,1.16,481507,727393,1098844,10.21,4.18,1.65,2.49,8.03
Australia,Melbourne,Condo,Middle,Booming,1.06,498196,662345,880579,6.59,4.07,2.67,0.52,7.58
Canada,Vancouver,Condo,Low,Declining,0.8,421222,559180,742321,6.55,7.5,6.65,3.44,4.33
South Korea,Seoul,Condo,Low,Stable,1.07,353815,404632,462749,2.87,3.14,9.34,0.61,7.16
China,Shanghai,Condo,Low,Booming,0.58,349285,528047,798300,10.24,4.16,4.84,3.94,10.06
India,Mumbai,Villa,Middle,Booming,1.11,247443,291671,343805,3.57,4.47,7.44,0.88,5.43
Italy,Rome,Apartment,Low,Booming,0.34,244556,368081,553997,10.1,2.15,7.08,3.76,5.13
Germany,Berlin,Townhouse,Middle,Stable,0.92,488796,771932,1219076,11.59,3.41,1.9,1.02,9.32
Germany,Berlin,Villa,Middle,Booming,0.95,353406,436402,538887,4.7,3.02,6.23,2.19,9.56
Brazil,Brasilia,Townhouse,High,Booming,0.7,202388,245175,297009,4.23,3.27,3.39,0.83,6.12
Japan,Tokyo,Townhouse,Middle,Declining,0.33,133886,195571,285675,9.21,3.95,7.01,3.01,8.23
France,Paris,Condo,Low,Booming,1.16,59648,86863,126495,9.13,7.75,8.76,1.09,5.94
Saudi Arabia,Dammam,Villa,Middle,Stable,0.46,320589,462194,666347,8.83,3.9,5.86,2.92,6.79
South Africa,Cape Town,Townhouse,Low,Declining,1.07,397197,431184,468079,1.71,5.73,3.12,2.45,11.61
Australia,Brisbane,Apartment,High,Booming,1.09,232032,280836,339905,4.21,3.41,5.79,0.9,7.94
UAE,Sharjah,Townhouse,Low,Declining,0.3,195732,229195,268380,3.42,7.83,7.55,1.72,3.84
Japan,Osaka,Townhouse,Middle,Booming,0.77,146052,196445,264225,6.9,7.01,6.54,2.72,7.87
Indonesia,Jakarta,Villa,Middle,Declining,1.13,469356,625181,832740,6.64,3.83,5.14,1.15,8.73
China,Shanghai,Apartment,High,Declining,0.75,96485,111798,129541,3.17,4.88,8.99,2.48,9.13
UAE,Dubai,Townhouse,Middle,Declining,0.61,307135,398065,515916,5.92,5.95,1.46,2.23,5.66
Spain,Madrid,Condo,Middle,Declining,0.59,482413,555007,638526,3.01,3.87,5.59,3.52,6.75
China,Beijing,Apartment,Middle,Declining,0.97,435368,531371,648543,4.41,4.36,4.21,3.41,3.4
France,Lyon,Villa,High,Declining,0.58,355734,484152,658927,7.22,4.62,5.86,1.19,6.88
Germany,Frankfurt,Villa,Low,Booming,0.75,455535,543663,648839,3.87,7.21,6.8,0.57,9.52
Turkey,Istanbul,Villa,Low,Booming,0.33,498822,763172,1167615,10.6,3.78,3.32,1.84,6.21
Turkey,Ankara,Condo,Low,Declining,0.64,193224,268896,374201,7.83,2.99,8.61,3.34,7.29
South Korea,Busan,Condo,Middle,Stable,1.07,161215,170834,181026,1.19,5.72,5.12,2.49,11.09
Turkey,Istanbul,Condo,Low,Declining,1.17,335504,493268,725218,9.4,2.5,2.45,3.07,6.88
France,Marseille,Apartment,Low,Booming,0.7,188873,261410,361803,7.68,3.11,6.64,1.11,3.57
China,Beijing,Villa,Middle,Declining,0.6,154013,237018,364758,10.78,2.33,2.59,2.42,7.33
Saudi Arabia,Dammam,Apartment,High,Declining,0.34,53264,84872,135239,11.87,5.95,4.29,2.15,5.4
China,Beijing,Townhouse,Middle,Stable,0.61,342070,525264,806568,10.71,3.1,8.56,0.93,4.93
India,Bangalore,Condo,Low,Declining,0.33,113365,176228,273950,11.09,4.76,1.7,3.86,10.91
Indonesia,Surabaya,Condo,Low,Booming,0.98,470063,550477,644648,3.42,7.02,7.21,3.54,10.17
South Africa,Durban,Townhouse,Middle,Booming,0.61,398479,475924,568421,3.89,3.97,1.97,3.77,5.62
UK,Birmingham,Apartment,Low,Stable,0.77,226100,356777,562979,11.56,4.01,8.01,3.49,6.92
Indonesia,Jakarta,Condo,Low,Declining,0.64,386486,599862,931041,11.04,6.53,3.04,3.61,6.49
Turkey,Izmir,Condo,High,Stable,0.82,424146,489302,564467,3.07,6.71,6.37,3.63,4.55
France,Marseille,Villa,Middle,Declining,0.68,424779,450511,477802,1.21,2.67,9.92,1.48,11.78
South Korea,Incheon,Condo,High,Stable,0.46,212492,311106,455483,9.28,5.95,6.23,2.35,10.59
USA,Kazan,Townhouse,High,Booming,0.51,249112,282866,321194,2.71,5.58,3.25,1.67,7.24
UAE,Dubai,Townhouse,Low,Booming,0.32,91372,130412,186132,8.55,4.57,8.78,2.93,3.07
Australia,Melbourne,Villa,Low,Declining,0.86,92176,136376,201770,9.59,7.95,5.78,2.89,5.14
Indonesia,Surabaya,Villa,Low,Booming,0.69,435243,497083,567710,2.84,3.59,5.01,2.99,6.38
Saudi Arabia,Riyadh,Townhouse,Low,Declining,1.13,92506,115997,145453,5.08,6.25,3.03,2.8,4.48
Brazil,Sao Paulo,Townhouse,High,Booming,0.35,104457,163109,254693,11.23,5.31,8.17,1.66,8.33
India,Bangalore,Condo,Middle,Declining,0.75,475582,694904,1015371,9.22,6.38,1.42,2.42,7.2
Brazil,Brasilia,Apartment,Low,Declining,1.14,165804,198701,238125,3.97,4.47,3.19,0.95,10.72
France,Lyon,Townhouse,High,Declining,0.8,437613,659537,994005,10.14,3.69,5.93,0.79,11.24
USA,Saint Petersburg,Condo,High,Stable,0.66,227154,276337,336168,4.33,4.76,3.27,1.81,10.2
Turkey,Izmir,Villa,Middle,Stable,1.05,186882,244434,319709,6.16,7.24,1.47,3.61,4.97
Mexico,Guadalajara,Apartment,Low,Stable,0.91,312148,422685,572366,7.08,7.16,1.91,1.71,7.84
Spain,Valencia,Villa,Middle,Booming,1.03,147399,219863,327950,9.83,4.4,2.7,3.16,3.82
USA,Kazan,Apartment,High,Stable,0.76,78744,98118,122257,4.92,5.61,6.01,1.92,6.86
Saudi Arabia,Jeddah,Apartment,Low,Declining,0.5,255147,401676,632354,11.49,7.1,2.31,0.6,11.4
South Korea,Incheon,Apartment,Low,Stable,0.77,292027,432023,639133,9.59,3.89,5.34,3.89,9.05
Spain,Valencia,Apartment,Middle,Booming,0.44,109952,127802,148550,3.25,6.6,3.66,0.57,11.5
India,Mumbai,Villa,Middle,Stable,0.45,54301,64098,75663,3.61,3.41,4.8,3.72,10.91
UAE,Abu Dhabi,Apartment,Low,Booming,0.71,234905,318356,431454,7.11,3.46,1.47,3.79,4.68
Turkey,Istanbul,Townhouse,Low,Booming,0.48,262607,346743,457835,6.41,2.11,2.33,1.82,9.15
China,Beijing,Condo,Middle,Stable,0.51,240357,326053,442304,7.13,7.33,3.93,0.97,7.4
Turkey,Ankara,Townhouse,Low,Booming,0.97,99437,127635,163829,5.67,2.11,1.3,2.19,5.68
South Korea,Incheon,Villa,Middle,Stable,1.06,320969,417152,542157,5.99,4.45,5.48,0.64,11.04
India,Mumbai,Townhouse,Low,Stable,1.2,131669,146971,164050,2.32,2.86,6.95,2.82,10.63
UAE,Dubai,Condo,Low,Booming,0.98,252360,350042,485532,7.74,6.13,5.61,2.16,8.81
Saudi Arabia,Jeddah,Condo,Low,Stable,0.8,339774,471290,653713,7.74,6.32,6.79,2.32,9.14
USA,Saint Petersburg,Condo,Low,Booming,0.7,158752,166813,175284,1.02,5.36,6.32,3.9,6.25
Saudi Arabia,Dammam,Townhouse,Low,Stable,0.65,140810,153313,166926,1.78,6.64,3.25,2.63,9.19
Mexico,Mexico City,Apartment,High,Stable,0.72,444358,575039,744150,5.88,3.71,9.06,3.52,4.48
Japan,Tokyo,Townhouse,Middle,Declining,0.32,90494,109280,131967,4.15,7.83,6.03,1.81,11
Saudi Arabia,Riyadh,Apartment,High,Booming,0.71,191857,300769,471507,11.35,7.1,8.59,2.29,10.1
South Korea,Busan,Condo,Low,Stable,0.46,307950,489984,779622,11.82,3.75,8.15,2.22,3.36
Spain,Valencia,Townhouse,Middle,Declining,0.99,125856,175860,245731,7.95,2.51,9.52,1.52,5.04
Australia,Brisbane,Apartment,Low,Booming,0.42,475701,685745,988534,8.83,6.45,5.49,2.16,3.99
Australia,Sydney,Townhouse,High,Booming,0.8,161112,255755,405993,11.75,6.78,4.72,1.03,10.07
Brazil,Rio de Janeiro,Apartment,High,Stable,0.41,135200,157689,183918,3.33,5.34,8.08,1.6,3.76
France,Lyon,Apartment,Middle,Stable,0.72,386650,453121,531019,3.44,3.32,9.53,3.84,11.91
Japan,Tokyo,Townhouse,Low,Declining,1.03,134683,157120,183294,3.33,4.04,3.86,3.85,10.1
Germany,Munich,Apartment,Middle,Booming,0.95,133683,207241,321274,11,6.97,2.47,3.55,5.45
Japan,Tokyo,Apartment,High,Declining,0.37,345570,487113,686631,8.19,2.57,3.87,3.97,9.11
South Africa,Johannesburg,Apartment,High,Stable,0.96,145813,159422,174300,1.87,3.66,3.24,1.32,4.73
India,Delhi,Apartment,Low,Stable,0.82,197647,296705,445411,10.02,3.1,5.18,0.55,7.34
UK,Birmingham,Condo,Middle,Stable,0.35,489976,727528,1080253,9.7,4.94,1.78,2.57,9.83
Mexico,Mexico City,Apartment,High,Stable,0.47,305694,457873,685809,9.96,6.61,8.23,3.58,11.44
Italy,Naples,Townhouse,Middle,Booming,0.66,305946,454288,674555,9.7,6.18,9.96,0.55,6.2
Germany,Frankfurt,Apartment,Low,Stable,0.55,168042,197011,230974,3.45,6.25,1.76,3.1,9.24
UAE,Sharjah,Condo,High,Stable,0.53,163775,228609,319110,7.92,6.57,8.89,3.48,11.68
India,Mumbai,Apartment,Middle,Stable,0.82,458895,685902,1025206,9.89,7.37,1.1,3.88,7.26
Australia,Melbourne,Condo,Low,Booming,1.02,107242,135958,172363,5.36,3.63,3.62,0.93,10.25
UK,Birmingham,Condo,High,Declining,0.31,190627,218445,250322,2.92,5.53,3.29,1.41,7.4
Russia,Chicago,Apartment,Middle,Stable,0.89,104587,119912,137483,2.93,3.48,9.76,1.89,8.39
Russia,Chicago,Townhouse,Middle,Booming,0.52,270707,295278,322079,1.82,2.21,5.22,1.9,4.23
Canada,Vancouver,Townhouse,Low,Stable,0.92,496807,629755,798281,5.35,5.75,9.67,3.41,7.17
Germany,Frankfurt,Villa,High,Declining,0.96,107661,143367,190916,6.63,3.67,2.45,1.99,4.18
UK,London,Condo,Low,Booming,0.93,255308,342656,459889,6.84,2.88,2.26,2.54,11.87
USA,Saint Petersburg,Villa,High,Stable,0.39,178579,272905,417054,10.56,2.43,8.88,2.34,6.67
Australia,Melbourne,Villa,High,Stable,0.58,183703,223785,272613,4.36,7.31,7.51,2.84,10.19
UAE,Dubai,Condo,High,Declining,0.53,328119,427551,557115,6.06,6.69,3.78,2.75,10.94
South Africa,Cape Town,Villa,Middle,Stable,0.66,79980,106679,142292,6.68,4.08,7.05,3.83,7.37
Australia,Sydney,Villa,High,Booming,0.72,344563,381405,422186,2.14,3.52,9.27,2.84,3.12
Mexico,Monterrey,Apartment,High,Declining,0.48,357277,525347,772480,9.41,7.04,3.63,3.76,7.98
India,Mumbai,Condo,Middle,Declining,0.93,318532,355962,397790,2.35,7.78,2.11,1.39,10.32
India,Bangalore,Apartment,High,Declining,0.86,427167,569694,759775,6.67,4.26,9.3,0.63,10.71
Russia,Chicago,Townhouse,High,Booming,0.51,431931,486596,548178,2.53,5.48,8.99,2.16,9.72
USA,Kazan,Villa,High,Declining,1.02,381422,594611,926958,11.18,4.68,2.56,0.67,5.22
UAE,Sharjah,Apartment,High,Stable,0.43,301077,346756,399366,3.03,2.23,1.32,3.41,8.32
Turkey,Istanbul,Condo,Middle,Declining,0.62,452403,492489,536128,1.77,7.88,6.55,1.14,9.11
USA,Kazan,Townhouse,Middle,Declining,0.99,243204,370618,564785,10.48,2.9,3.51,0.83,4.9
Indonesia,Bandung,Apartment,Middle,Stable,0.51,462935,505970,553005,1.86,4.56,5.79,3.65,11.98
UK,Manchester,Townhouse,High,Stable,0.98,486856,721961,1070601,9.66,7.78,7.37,0.78,6.62
Brazil,Sao Paulo,Townhouse,High,Booming,0.88,207823,249463,299446,4.01,5.46,9.4,0.62,9.92
Japan,Tokyo,Villa,Middle,Stable,0.95,483779,755610,1180181,11.24,6.57,5.68,1.21,7.91
UAE,Abu Dhabi,Villa,Low,Booming,0.99,453051,672483,998194,9.69,3.17,6.4,1.66,3.08
Turkey,Izmir,Condo,Middle,Declining,0.48,100949,152786,231241,10.27,3.55,3.56,3.86,6.41
France,Paris,Villa,High,Stable,0.31,177731,198279,221203,2.31,2.62,1.7,2.58,4.7
Mexico,Mexico City,Townhouse,Middle,Declining,0.63,437908,562005,721269,5.67,7.49,5.48,1.9,9.75
Canada,Montreal,Apartment,Low,Booming,0.37,90265,127146,179097,8.17,4.92,8.11,3.71,6.5
Spain,Madrid,Condo,High,Stable,0.84,275313,437717,695920,11.8,6.99,9.21,1.39,9.95
France,Marseille,Villa,Low,Declining,0.54,143934,225883,354488,11.39,2.12,9.69,1.02,10.37
Spain,Valencia,Villa,Low,Booming,0.55,207816,242982,284099,3.38,5.51,4.13,2.8,3.14
Russia,New York,Apartment,High,Stable,0.36,94848,121447,155507,5.61,6.89,8.99,1.36,8.17
Brazil,Rio de Janeiro,Apartment,High,Booming,0.99,179973,229458,292548,5.5,5.14,2.21,0.59,4.38
Brazil,Rio de Janeiro,Townhouse,Middle,Booming,0.86,83128,95958,110767,3.09,4.03,1.7,1.17,11.2
Russia,New York,Villa,High,Declining,0.32,344044,433986,547441,5.23,6.04,6.3,1.28,10.62
Italy,Rome,Condo,Middle,Booming,0.74,420141,534969,681179,5.47,7.91,7.93,3.88,7.63
Saudi Arabia,Dammam,Condo,High,Declining,0.73,389954,598252,917815,10.68,7.78,3.92,3.3,4.9
UAE,Sharjah,Apartment,High,Stable,0.79,130932,162495,201668,4.82,7.59,2.31,2.71,8.34
Mexico,Monterrey,Condo,Middle,Booming,0.41,196691,267428,363606,7.19,3.12,8.21,3.9,4.93
Saudi Arabia,Riyadh,Apartment,Middle,Declining,0.47,254721,372216,543909,9.23,3.69,1.18,2.39,11.61
South Korea,Incheon,Townhouse,High,Declining,0.65,239061,378408,598980,11.66,6.17,7.47,2.47,11.77
Japan,Osaka,Apartment,High,Declining,0.92,452765,649563,931901,8.69,6.41,3.61,1.56,10.05
South Korea,Seoul,Condo,High,Booming,0.57,303247,359997,427368,3.74,6.9,1.99,3.4,8.42
Canada,Montreal,Townhouse,Low,Declining,0.47,293916,354279,427038,4.11,3.94,4.16,0.72,11.87
Germany,Munich,Condo,Low,Declining,0.33,348124,436608,547583,5.08,5.88,4.21,2.86,9.56
Spain,Madrid,Townhouse,Low,Declining,0.92,101283,142940,201729,8.23,3.68,1.26,1.95,6.9
Russia,New York,Condo,Low,Declining,0.72,367171,447899,546375,4.4,3.89,1.54,2.9,8.11
France,Lyon,Condo,Low,Declining,0.61,367335,494266,665059,6.91,4.82,5.6,2.73,8.94
Japan,Tokyo,Villa,Low,Booming,0.56,113335,128765,146296,2.72,5.84,8.86,1.93,4.53
UAE,Dubai,Apartment,High,Stable,0.98,424620,651504,999615,10.69,5.64,8.75,0.55,3.97
UK,Manchester,Condo,Low,Stable,0.38,370672,403391,438999,1.77,4.98,5.25,1.59,10.83
France,Lyon,Condo,High,Stable,0.45,208608,307863,454342,9.52,2.18,7.06,3.36,11.39
Australia,Sydney,Apartment,Middle,Booming,1.09,193723,265885,364927,7.45,2.46,3.32,0.83,5.84
Indonesia,Surabaya,Townhouse,Middle,Declining,1.09,206225,280269,380898,7.18,4.6,5.13,3.89,5.67
India,Mumbai,Condo,High,Booming,0.86,239028,259018,280680,1.67,4.94,8.32,0.85,3.63
UK,Manchester,Condo,Middle,Declining,0.44,393980,570561,826285,8.96,5.39,5.21,3.61,9.9
USA,Kazan,Apartment,High,Booming,1.03,415968,583809,819372,8.07,4.75,8.78,3.74,3.21
South Korea,Incheon,Condo,Middle,Declining,0.35,481434,578895,696086,4.05,7.24,4.5,0.92,3.72
South Africa,Durban,Townhouse,High,Declining,0.44,162452,214223,282493,6.37,6.21,9.88,2.05,7.66
China,Shenzhen,Townhouse,Middle,Declining,0.77,292745,390744,521549,6.7,2.05,1.02,0.84,3.91
China,Shenzhen,Condo,High,Stable,0.93,142212,219304,338188,10.84,7.57,9.78,3.79,5.45
Australia,Brisbane,Villa,High,Booming,0.76,128955,192583,287606,9.87,7.33,8.66,2.02,9.83
UK,London,Condo,Middle,Stable,0.39,68110,99732,146036,9.29,4.55,9.96,0.84,10.7
Italy,Rome,Apartment,High,Booming,0.73,422218,633081,949255,9.99,7.5,3.68,3.82,4.37
Spain,Barcelona,Condo,High,Booming,0.37,244227,367703,553605,10.11,4.84,8.46,3.05,4.88
China,Shenzhen,Villa,Low,Declining,1.15,77352,119435,184414,10.88,3.83,5.5,1.98,4.55
Italy,Rome,Apartment,Low,Stable,0.62,136820,159004,184785,3.24,3.12,5.4,3.29,8.12
USA,Moscow,Apartment,High,Declining,1.1,336445,480826,687166,8.58,6.01,5.05,2.91,3.63
Japan,Tokyo,Villa,High,Booming,1.07,400015,473969,561595,3.7,6.61,1.11,1.26,3.59
India,Delhi,Villa,Middle,Stable,1,390143,584240,874899,9.95,2.03,5.51,2.97,4.4
USA,Saint Petersburg,Villa,Low,Declining,0.88,87850,101003,116126,2.99,4.85,6.88,1.01,4.67
Turkey,Istanbul,Townhouse,Low,Stable,0.48,157415,184901,217185,3.49,4.37,6.88,2.03,9.98
South Korea,Busan,Condo,Middle,Declining,0.95,106937,115157,124008,1.54,7.27,1.72,1.02,3.2
Turkey,Ankara,Townhouse,Low,Stable,0.87,312067,497059,791714,11.86,7.32,4.7,1.8,5.67
Mexico,Mexico City,Villa,Low,Stable,0.44,112138,125903,141359,2.46,2.68,3.16,1.57,11.65
Italy,Naples,Condo,High,Booming,0.82,494418,620424,778543,5.1,4.75,3.92,1.14,4.29
Brazil,Rio de Janeiro,Villa,High,Declining,1.15,494065,530972,570635,1.49,2.9,4.81,1.15,6.27
Japan,Tokyo,Condo,Low,Booming,0.42,255430,306371,367472,3.99,4.11,1.85,2,11.85
UAE,Sharjah,Apartment,Low,Booming,0.6,444393,672704,1018313,10.28,7.71,8.11,2.81,10.71
South Korea,Busan,Condo,Middle,Declining,0.37,258274,411712,656306,11.88,6.62,9.66,3.23,10.87
Germany,Frankfurt,Villa,High,Booming,0.94,392226,524699,701915,6.75,7.55,8.43,3.45,9.06
Saudi Arabia,Jeddah,Villa,Low,Booming,0.57,66033,103317,161650,11.29,5.52,3.68,1.02,10.47
Italy,Milan,Townhouse,High,Stable,1.05,416529,585137,821998,8.1,4.2,3.74,0.53,10.5
Brazil,Sao Paulo,Apartment,Low,Stable,0.38,333840,443086,588082,6.54,5.16,9.34,0.61,9.96
Australia,Sydney,Villa,Low,Stable,0.35,67169,86406,111153,5.73,2.38,8.1,2.35,3.26
Brazil,Brasilia,Villa,High,Stable,0.34,325701,486389,726355,9.87,4.63,5.99,3.3,8.49
Brazil,Brasilia,Condo,Low,Declining,0.5,325873,454774,634661,7.91,6.4,6.59,3.89,4.78
Turkey,Ankara,Townhouse,Middle,Declining,1.16,292253,414875,588947,8.39,2.6,4.43,3.19,9.36
USA,Saint Petersburg,Condo,Middle,Stable,0.34,295967,325136,357179,1.97,7.98,9.08,0.57,10.73
USA,Moscow,Apartment,Low,Stable,1.13,209097,302297,437038,8.91,4.65,6.9,1.69,5.9
Japan,Tokyo,Condo,High,Booming,0.68,115505,174081,262363,10.14,4.09,4.6,3.63,7.47
Spain,Valencia,Condo,Middle,Booming,0.79,480424,738748,1135972,10.75,3.02,5.26,3.9,6.35
Canada,Montreal,Townhouse,Middle,Booming,0.63,137764,153314,170620,2.26,6.44,7.93,3.89,9.96
Mexico,Guadalajara,Townhouse,Low,Stable,0.52,68052,108339,172474,11.84,4.04,3.81,3.67,8.27
Indonesia,Surabaya,Townhouse,Middle,Stable,0.49,450093,718506,1146986,11.93,2.52,8.76,1.87,7.72
Italy,Rome,Townhouse,High,Declining,1.12,488021,582789,695961,3.88,3.28,1.72,2.47,3.12
Canada,Montreal,Condo,Middle,Stable,0.67,83023,105678,134514,5.46,2.24,8.52,1.23,5.95
Italy,Rome,Apartment,Middle,Stable,1.08,385820,451591,528574,3.41,2.43,7.44,1.87,9.89
Russia,Chicago,Apartment,High,Booming,0.7,205701,267034,346653,5.96,6.49,9.12,0.67,7.72
China,Shanghai,Condo,High,Booming,0.33,260784,400801,615993,10.74,4.17,9.39,2.71,11.41
Canada,Toronto,Condo,Middle,Stable,0.98,96546,113647,133778,3.54,4.37,2.53,2.23,7.24
Spain,Barcelona,Apartment,High,Booming,1.16,245178,363376,538558,9.64,7.65,8.89,1.23,7.46
Australia,Sydney,Townhouse,Low,Declining,0.61,229936,287063,358382,4.97,6.96,5.07,2.33,11.84
South Korea,Seoul,Townhouse,High,Stable,0.35,269581,397830,587091,9.51,2.91,6.5,1.34,10.81
Italy,Naples,Villa,Middle,Declining,0.59,198078,273151,376677,7.58,3.1,3.56,1.96,6.18
Spain,Barcelona,Townhouse,Low,Booming,0.77,319838,435513,593024,7.23,5.93,3.77,0.94,9.85
Russia,Los Angeles,Villa,High,Declining,1.07,165653,211025,268825,5.48,4.99,5.8,2.81,3.37
Indonesia,Surabaya,Villa,Low,Declining,0.95,77887,101842,133164,6.15,6.97,5.06,1.02,11.87
UAE,Dubai,Apartment,Low,Declining,1.1,397091,506820,646870,5.53,3.1,9.47,2.36,10.67
Japan,Osaka,Townhouse,Low,Booming,0.61,200880,319810,509153,11.84,5.13,2.27,1.27,7.34
Canada,Vancouver,Townhouse,High,Declining,0.34,258140,330527,423213,5.61,6.68,4.19,3.94,4.63
Canada,Vancouver,Apartment,High,Stable,0.83,90365,131356,190943,9.07,7.97,8.37,2.44,7.36
Mexico,Guadalajara,Townhouse,Low,Declining,1.05,471188,751104,1197308,11.88,4.38,9.92,1.05,5.28
Brazil,Brasilia,Villa,Middle,Declining,0.38,172282,253663,373484,9.45,7.12,8.01,2.71,7.63
UK,Manchester,Townhouse,Low,Booming,0.94,225875,341686,516875,10.25,6.06,7.28,2.38,10.97
USA,Saint Petersburg,Condo,Low,Declining,0.53,221516,327336,483705,9.55,4.96,9,1.71,6.32
Russia,Chicago,Condo,Low,Stable,1.1,258967,345427,460755,6.68,4,3.49,2.8,4.08
UK,London,Apartment,High,Booming,1.09,400641,462705,534384,3.1,6.16,6.42,1.15,5.46
Italy,Rome,Apartment,High,Declining,0.67,364659,510996,716058,8.03,5.19,7.92,3.15,8.56
France,Paris,Apartment,Low,Booming,1.01,200419,307580,472039,10.69,5.69,8.4,2.41,4.97
Indonesia,Jakarta,Villa,Low,Stable,0.79,217000,311097,445996,8.67,4.85,8.53,2.87,9.16
France,Paris,Apartment,Middle,Declining,0.5,492912,745738,1128242,10.26,6.73,3.97,2.37,4.23
Russia,Los Angeles,Villa,Middle,Stable,0.78,115650,156610,212077,7.08,5.89,4.51,2.24,10.88
Indonesia,Bandung,Townhouse,High,Booming,0.4,406280,464750,531634,2.88,2.22,2.67,3.18,6.65
Brazil,Rio de Janeiro,Condo,Middle,Declining,1.09,286118,303926,322841,1.24,6.3,1.99,3.26,4.51
UAE,Sharjah,Apartment,Low,Stable,0.61,392572,618233,973611,11.5,4.23,8.46,1.17,10.26
China,Shanghai,Villa,High,Declining,0.89,136735,166321,202309,4.33,2.79,4.45,1.21,8.8
South Korea,Seoul,Villa,High,Stable,1.2,55404,74657,100601,6.95,5.44,9.23,2.27,7.89
China,Shenzhen,Condo,Middle,Booming,0.72,171007,184827,199764,1.62,4.45,1.47,2.43,5.77
China,Shanghai,Condo,High,Declining,0.78,110434,172602,269767,11.26,7.37,2.71,1.7,8.52
South Korea,Incheon,Apartment,Middle,Stable,0.39,209556,248975,295811,3.76,7.49,8.67,2.53,7.68
China,Shanghai,Condo,Middle,Declining,1.14,469593,743427,1176942,11.66,2.75,2.45,2.87,7.87
UAE,Sharjah,Villa,Middle,Stable,0.32,77889,119828,184348,10.77,7.21,4.22,3.62,8.34
Spain,Barcelona,Villa,High,Stable,1.03,242344,269576,299868,2.25,4.6,5.12,2.43,3.95
Japan,Yokohama,Condo,High,Stable,1.19,159862,185312,214815,3.18,5.16,5.83,2.04,9.95
France,Marseille,Condo,High,Booming,0.76,324363,469697,680150,8.96,2.15,6.14,3.59,3.16
Australia,Sydney,Villa,Low,Booming,0.66,466802,580812,722666,4.88,4.75,9.83,1.2,3.59
Italy,Milan,Condo,High,Booming,1.07,440809,577303,756061,6.19,5.09,8.52,3.08,5.39
South Korea,Busan,Condo,High,Stable,0.32,265865,404753,616197,10.45,7.38,9.61,3.58,8.22
South Africa,Cape Town,Condo,Middle,Declining,0.7,398682,580841,846229,9.14,5.23,1.79,3.74,7.1
Japan,Tokyo,Villa,Middle,Declining,0.63,333305,473497,672655,8.41,3.26,8.53,1.51,4.68
Italy,Milan,Apartment,Middle,Stable,0.67,378752,598808,946716,11.62,6.86,9.46,0.99,3.64
UK,Birmingham,Condo,High,Stable,0.8,180634,271932,409374,10.11,6.03,9.74,1.39,7.37
France,Marseille,Villa,High,Stable,0.75,157630,216670,297824,7.49,4.66,5.02,1.77,3.15
South Africa,Johannesburg,Condo,High,Booming,0.77,200862,211050,221756,1.01,3.85,3.51,1.88,4.19
USA,Saint Petersburg,Villa,Low,Booming,0.76,361598,505009,705296,7.93,6.82,5.07,2.32,10.29
Brazil,Sao Paulo,Condo,Low,Stable,0.68,365720,471424,607680,5.78,4.51,7.84,1.11,6.05
Brazil,Rio de Janeiro,Condo,Middle,Stable,0.5,211599,248990,292989,3.53,5.48,8.18,3.25,6.28
Brazil,Rio de Janeiro,Apartment,High,Stable,1.19,317234,402783,511402,5.39,7.01,7.57,3.12,4.77
South Africa,Johannesburg,Apartment,High,Stable,0.72,437823,581087,771231,6.54,6.1,6.29,3.45,5.56
China,Shenzhen,Villa,Middle,Declining,0.82,105456,150761,215530,8.59,6.39,1.39,2.87,6.73
Turkey,Izmir,Townhouse,Low,Booming,0.41,238958,276434,319786,3.14,4.49,4.46,3.08,9.97
China,Shanghai,Condo,High,Declining,0.85,60209,94050,146912,11.24,6.12,1.31,3.37,4.8
Mexico,Mexico City,Townhouse,Low,Booming,0.82,259985,333018,426567,5.62,7.34,4.94,0.76,11.52
Turkey,Istanbul,Villa,Low,Booming,1.13,357995,468021,611863,6.15,2.56,8.12,0.76,3.62
Australia,Brisbane,Condo,Low,Booming,0.78,122058,128680,135661,1.09,4.54,2.23,1.06,3.69
USA,Saint Petersburg,Townhouse,Low,Stable,0.48,371968,556059,831257,9.9,4.72,5.56,0.61,3.62
Canada,Vancouver,Villa,Low,Declining,0.53,294754,429384,625507,9.14,5.63,4.53,0.91,10.03
Italy,Rome,Townhouse,Low,Stable,0.63,381224,507844,676518,6.64,6.43,9.17,3.72,7.82
Mexico,Mexico City,Condo,High,Declining,0.76,169555,265301,415115,11.29,4.75,2.15,2.01,4.14
UAE,Dubai,Condo,Low,Declining,0.75,302574,373911,462066,4.72,2.43,9.49,3.21,10.55
UAE,Dubai,Townhouse,Middle,Booming,0.63,392374,516739,680522,6.34,3.21,2.12,1.71,4.24
Mexico,Monterrey,Apartment,Low,Declining,1.2,72135,93244,120530,5.85,4.71,3.71,2.5,4.35
Italy,Milan,Townhouse,Low,Stable,1.01,199601,274500,377502,7.5,6.29,9,3.43,8.47
Brazil,Brasilia,Apartment,High,Declining,0.65,276442,407145,599645,9.46,7.27,1.93,1.85,9.99
India,Bangalore,Townhouse,Low,Booming,0.69,199502,254611,324941,5.52,5.62,10,2.23,4.88
Russia,Los Angeles,Villa,Middle,Stable,0.45,69057,93735,127231,7.15,5.27,2.85,2.93,9.67
UK,London,Apartment,Low,Booming,0.53,204845,326678,520973,11.9,4.25,7.85,2.08,10.14
Russia,New York,Condo,High,Stable,0.99,350490,532790,809909,10.4,7.64,6.22,1.33,6.59
Japan,Tokyo,Condo,Middle,Stable,0.98,342898,393574,451740,2.96,2.31,7.15,1.38,7.5
Canada,Montreal,Apartment,High,Booming,0.97,303200,332252,364087,1.92,3.11,2.97,1.4,8.09
Brazil,Brasilia,Townhouse,Low,Booming,0.75,141422,153748,167148,1.74,3.03,9.86,2.14,10.81
Italy,Rome,Condo,Middle,Declining,1.06,280184,403094,579923,8.77,3.16,7.2,1.45,10.49
USA,Kazan,Apartment,Low,Booming,0.38,397912,439679,485830,2.1,7.29,3.74,2.79,7.39
Mexico,Guadalajara,Villa,High,Booming,0.63,340449,534892,840389,11.42,2.25,9.27,2.63,10.27
Canada,Toronto,Villa,High,Declining,0.65,262329,400805,612376,10.56,4.49,5.81,0.57,4.43
France,Marseille,Villa,High,Declining,0.88,372640,510677,699847,7.41,2.86,5.01,1.74,7.46
Saudi Arabia,Dammam,Townhouse,Middle,Declining,1.08,399138,437532,479620,1.92,7.34,5.25,3.1,4.26
Saudi Arabia,Dammam,Condo,High,Declining,0.9,156347,201861,260624,5.82,2.1,2.36,0.82,5.16
USA,Kazan,Townhouse,High,Stable,0.39,361360,385199,410611,1.32,5.71,2.27,3.81,11.4
Brazil,Brasilia,Apartment,Middle,Booming,0.5,326490,347843,370593,1.31,7.59,5.71,0.65,6.08
South Korea,Incheon,Apartment,Middle,Declining,0.37,226825,321742,456378,8.37,4.82,4.45,0.92,5.2
Brazil,Rio de Janeiro,Apartment,Middle,Declining,0.39,413374,464791,522602,2.49,5.57,4.08,1.29,8.76
China,Beijing,Condo,High,Booming,0.71,230065,316586,435644,7.52,4.95,3.73,2.46,9.03
USA,Saint Petersburg,Townhouse,Middle,Booming,0.32,259642,280862,303815,1.63,3.12,6.04,3.53,10.95
Spain,Madrid,Apartment,High,Booming,0.36,238597,327034,448251,7.41,2.88,7.89,3.1,11.13
UAE,Dubai,Apartment,Middle,Stable,0.31,147508,221992,334088,10.1,6.02,9.05,0.7,8.37
France,Marseille,Townhouse,Middle,Booming,0.81,66053,88012,117271,6.65,5.66,2.72,1.46,8.76
India,Delhi,Apartment,Middle,Booming,0.72,436106,540035,668730,4.77,3.6,9.86,3.69,3.26
South Africa,Durban,Apartment,Low,Declining,0.99,99651,106140,113051,1.3,3.64,3.42,3.37,9.4
Canada,Montreal,Apartment,Middle,Stable,1.18,370181,473846,606543,5.6,6.19,10,2.99,9.86
Germany,Frankfurt,Villa,High,Stable,1.14,101143,145406,209041,8.75,7.1,9.59,1.24,7.54
Mexico,Mexico City,Villa,High,Booming,0.91,161360,222719,307411,7.61,3.55,4,2.05,7.76
Turkey,Istanbul,Apartment,Low,Declining,0.7,271938,330194,400929,4.28,2.95,1.43,1.19,8.24
South Africa,Durban,Condo,High,Booming,1.01,126161,140002,155361,2.19,6.5,3.75,3.83,9.43
Australia,Melbourne,Villa,High,Booming,0.59,180294,241240,322787,6.76,2.47,2.06,1.12,9.97
Canada,Toronto,Condo,Middle,Declining,0.76,54755,77776,110476,8.41,4.54,5.6,1.25,7.97
South Korea,Seoul,Villa,High,Booming,1.18,83050,100171,120822,4.12,3.46,3.24,1.83,10.36
China,Shenzhen,Villa,High,Booming,1.12,140997,190151,256443,6.97,5.82,5.7,2.02,4.73
Canada,Montreal,Condo,High,Stable,0.74,230547,342952,510162,9.75,6.58,2.21,0.81,11.17
Russia,New York,Townhouse,High,Stable,0.78,436010,471756,510432,1.64,5.16,5.85,3.51,3.88
Turkey,Istanbul,Villa,High,Booming,0.52,232942,355519,542598,10.52,7.63,9.93,3.86,3.05
Japan,Yokohama,Condo,Middle,Declining,0.34,116423,144583,179554,4.84,6.98,9.03,1.15,8.58
South Korea,Seoul,Townhouse,Low,Booming,1.13,258679,286345,316969,2.14,4.75,4.38,2.52,6.95
Spain,Madrid,Apartment,High,Booming,0.32,497299,670830,904914,6.98,4.84,9.59,1.05,4.7
Russia,Los Angeles,Villa,Middle,Declining,1.03,167374,249316,371375,9.79,3.63,1.3,2.31,4.77
South Africa,Cape Town,Apartment,High,Booming,0.98,338540,527439,821740,11.16,6.7,2.63,3.3,8.78
Canada,Toronto,Townhouse,Middle,Stable,0.9,424518,579724,791672,7.31,4.8,6.73,1.54,4.64
USA,Kazan,Condo,High,Booming,0.85,155232,169816,185771,1.88,2,6.47,1.77,9.77
India,Mumbai,Villa,Middle,Booming,0.64,268702,342298,436052,5.48,5.9,4.21,3.87,11.43
India,Delhi,Townhouse,Low,Booming,1.06,464135,601996,780805,5.94,5.22,7.68,2.94,11.02
Mexico,Monterrey,Townhouse,High,Declining,0.94,499048,619657,769415,4.83,7,7.28,2.92,5.93
South Korea,Busan,Apartment,Low,Booming,1.01,455169,532640,623296,3.4,5.75,4.53,3.96,7.31
Russia,New York,Villa,Low,Declining,0.51,221836,312702,440789,8.19,2.46,6.43,3.76,10.65
Spain,Barcelona,Apartment,Low,Declining,0.36,497025,712884,1022489,8.69,2.97,1.11,1.1,10.54
South Korea,Seoul,Townhouse,Middle,Booming,0.32,154916,227188,333175,9.33,5.52,8.04,3.11,3.46
Turkey,Izmir,Condo,High,Declining,1.1,152164,206086,279116,7.09,5.87,2.52,3.92,7.39
Indonesia,Surabaya,Townhouse,High,Booming,0.35,471768,647477,888628,7.45,6.2,5.73,3.42,3.3
India,Mumbai,Villa,High,Stable,0.54,261342,285420,311716,1.84,6.24,4.54,1.45,3.03
Japan,Osaka,Condo,Low,Booming,0.95,425214,538862,682885,5.35,5.39,3.05,2.68,3.11
Italy,Milan,Condo,Low,Declining,0.74,339892,528535,821874,11.1,4.29,7.89,2.59,11.34
UK,London,Villa,Low,Stable,0.66,193593,297732,457890,10.76,2.3,2.23,0.79,10.59
France,Paris,Condo,Low,Stable,0.31,437746,568280,737740,5.96,2.02,4.61,1.15,8.62
Russia,Chicago,Apartment,Low,Booming,0.91,269387,288860,309741,1.45,5.94,8.58,3.02,10.47
UK,Birmingham,Condo,High,Stable,0.48,450000,552242,677715,4.54,2.08,8.59,3.8,8.9
South Korea,Busan,Villa,High,Declining,0.51,163285,213352,278772,6.13,7.39,2.35,3.39,5.62
Spain,Valencia,Villa,Low,Declining,1.03,464122,596453,766515,5.7,4.19,8.22,2.35,9.16
Saudi Arabia,Riyadh,Townhouse,High,Declining,0.86,118800,179939,272541,10.29,3.17,9.39,1.38,9.6
Indonesia,Bandung,Townhouse,Low,Declining,0.56,193003,235561,287502,4.41,6.49,6.01,3.59,5.77
Spain,Valencia,Villa,Middle,Booming,0.92,388827,440663,499410,2.67,4.4,5.35,1.74,5.9
Spain,Valencia,Townhouse,Low,Booming,0.92,147140,211906,305179,8.8,7.61,6.09,2.64,3.62
UK,London,Townhouse,High,Booming,1.08,178452,247740,343932,7.77,7.87,6.36,3.04,7.01
Turkey,Izmir,Townhouse,High,Stable,0.35,408920,437237,467516,1.38,6.2,1.21,3.52,4.42
UK,Manchester,Villa,High,Stable,0.76,318718,414859,540001,6.03,4.04,5.21,1.59,6.94
Russia,New York,Villa,Low,Stable,0.62,304792,359916,425010,3.62,7.93,5.51,1.18,7.29
USA,Saint Petersburg,Condo,Low,Stable,1.08,59813,85159,121246,8.48,5.29,2.53,3.36,6.32
Russia,New York,Apartment,High,Booming,0.56,422656,592221,829814,8.02,7.39,6.67,3.09,10.53
Japan,Osaka,Townhouse,Low,Booming,0.35,399222,553936,768608,7.75,2.42,5.58,0.79,9.62
USA,Moscow,Condo,Middle,Stable,0.79,479108,551321,634419,3.01,5.64,2.9,2.65,9.5
Saudi Arabia,Dammam,Apartment,Low,Declining,0.95,416783,633282,962243,10.39,2.46,4.09,2.9,7.49
China,Shenzhen,Apartment,Low,Stable,0.47,298719,380595,484912,5.48,4.34,8.29,1.93,3.24
Canada,Toronto,Villa,Middle,Declining,0.35,435310,687063,1084412,11.57,6.13,4.28,3.79,8.97
Germany,Munich,Apartment,High,Booming,1.06,394634,496657,625056,5.17,4.87,2.68,1.52,10
France,Lyon,Condo,Low,Declining,1.1,376007,491007,641180,6.12,2.52,1.51,1.81,7.17
UK,Birmingham,Condo,Low,Declining,0.85,52920,84373,134520,11.89,4.18,8.63,2.37,4.17
UAE,Sharjah,Villa,Low,Declining,1.02,369422,495059,663423,6.8,5.09,1.79,2.8,11.2
Brazil,Rio de Janeiro,Apartment,Low,Declining,0.38,168580,260670,403067,10.93,3.71,6.89,2.37,8.37
Australia,Brisbane,Apartment,High,Declining,0.67,184996,199184,214460,1.53,6.47,7.71,2.85,8.79
South Korea,Incheon,Villa,High,Stable,0.52,60055,89770,134188,9.9,4.95,3.76,0.86,3.56
UAE,Sharjah,Apartment,High,Stable,0.61,412132,640988,996927,11.11,7.38,9.28,3.68,7.75
Indonesia,Jakarta,Condo,High,Declining,0.5,409121,477666,557695,3.35,3.6,3.1,2.3,5.9
Saudi Arabia,Dammam,Apartment,Low,Booming,0.44,253928,388675,594925,10.61,5.42,8.91,1.19,4.5
Spain,Barcelona,Condo,Middle,Declining,0.82,258498,365282,516178,8.26,6.77,7.76,3.8,6.58
UK,London,Townhouse,Middle,Declining,0.49,297911,330952,367657,2.22,3.73,2.87,1.89,4
China,Beijing,Condo,Middle,Booming,0.33,345557,478817,663466,7.71,6.25,6.94,0.9,5.62
Saudi Arabia,Riyadh,Villa,High,Booming,0.42,429338,627175,916175,9.22,3.21,4.07,3.88,8.35
UAE,Sharjah,Condo,Middle,Declining,1.02,169066,197051,229669,3.31,6.7,7.17,2.88,7.97
South Korea,Seoul,Villa,Middle,Booming,0.81,381064,456706,547362,3.97,4.12,8.84,1.58,7.92
Germany,Berlin,Condo,Low,Stable,0.93,499966,644661,831233,5.79,4.57,8.58,3.32,9.58
France,Marseille,Apartment,Low,Declining,0.72,195773,271106,375428,7.7,7.26,8.95,0.88,6.86
Japan,Tokyo,Villa,High,Booming,0.72,489927,697116,991926,8.46,4.44,1.23,2.48,3.86
Spain,Valencia,Townhouse,Low,Booming,1.05,388633,506498,660109,6.07,4.58,9.08,1.51,5.24
Japan,Tokyo,Townhouse,Middle,Declining,1.15,414161,621798,933532,10.03,3.17,2.29,0.59,5.13
Australia,Melbourne,Condo,Middle,Stable,1,158017,229284,332693,9.02,3.51,4.56,3.94,5.2
South Africa,Durban,Condo,Low,Stable,0.64,185489,205948,228662,2.21,4.94,4.41,2.93,10.36
Canada,Montreal,Townhouse,Low,Declining,0.79,64488,89665,124671,7.81,2.33,6.55,2.9,4.78
Turkey,Ankara,Apartment,Low,Stable,1.04,459988,688693,1031110,9.94,3.83,6.28,3.7,5.89
UAE,Dubai,Apartment,Middle,Declining,1.04,54264,57086,60055,1.04,6.56,7.85,3.26,11.37
Brazil,Sao Paulo,Apartment,High,Declining,0.41,154393,238854,369519,10.94,3.06,7.14,2.36,3.75
Germany,Frankfurt,Condo,Low,Booming,0.56,284167,431591,655498,10.38,6.25,6.6,2.24,5.69
UK,London,Villa,Low,Stable,0.41,234084,249460,265846,1.31,3.27,4.89,1.97,3.4
Saudi Arabia,Jeddah,Townhouse,Middle,Declining,0.83,297358,325000,355211,1.86,7.66,1.89,3.49,3
Turkey,Izmir,Apartment,Middle,Declining,1.09,58874,86356,126667,9.34,4.17,7.64,1.91,3.64
Russia,Chicago,Apartment,High,Booming,0.99,82064,127787,198985,11.14,2.31,5.31,3.03,6.54
UAE,Dubai,Villa,High,Stable,0.5,391591,580088,859320,9.63,7.54,4.39,2.27,6.27
Japan,Osaka,Condo,Middle,Stable,0.53,387965,479838,593468,4.74,4.57,4.63,2.99,11.26
Spain,Valencia,Villa,High,Booming,0.9,262212,387697,573235,9.57,5.85,1.55,0.83,3.34
Australia,Melbourne,Condo,Low,Booming,0.71,421634,515319,629821,4.44,4.3,9.19,3.43,8.99
Spain,Valencia,Villa,Low,Stable,0.54,102669,108709,115105,1.18,2.64,3.63,2.43,3.58
Turkey,Izmir,Apartment,Middle,Booming,0.42,131486,183764,256827,7.95,5.69,5.96,1.38,6.34
South Africa,Cape Town,Townhouse,Low,Stable,0.39,151907,234505,362014,10.87,7.88,6.83,3.71,8.78
Saudi Arabia,Dammam,Townhouse,Middle,Booming,0.33,498543,550603,608099,2.09,6.1,3.28,1.87,8.81
Indonesia,Surabaya,Condo,Middle,Stable,0.69,162746,200819,247800,4.68,4.05,9.63,3.3,7.13
UK,London,Townhouse,Middle,Stable,0.48,414957,471578,535925,2.73,3.26,4.29,3.58,4.19
USA,Saint Petersburg,Townhouse,Middle,Stable,0.41,272289,327298,393421,4.04,5.41,5.06,2.02,4.01
China,Shenzhen,Condo,High,Stable,0.43,419485,644848,991283,10.74,3.41,2.02,0.69,8.47
South Africa,Durban,Villa,Middle,Stable,0.94,217764,310058,441467,8.48,6.28,9.42,0.73,4.73
UK,Manchester,Condo,Middle,Stable,0.36,440597,654694,972824,9.72,5.45,1.75,1.46,5.68
India,Mumbai,Villa,Low,Stable,0.8,166120,181092,197413,1.8,6.38,3.69,2.08,4.15
Brazil,Rio de Janeiro,Condo,Low,Declining,1.02,304489,470702,727644,10.92,4.97,9.47,3.62,8.19
Australia,Melbourne,Condo,High,Booming,1.14,195390,244453,305836,5.02,2.27,6.3,3.03,9.96
USA,Saint Petersburg,Apartment,Middle,Stable,0.43,249872,286671,328891,2.95,5.97,2.42,3.66,5.08
Canada,Montreal,Apartment,Low,Declining,0.56,432908,563714,734044,6.04,2.14,5.45,0.8,11.87
South Africa,Cape Town,Apartment,Low,Stable,0.83,165440,225005,306017,7.2,2.46,8.2,3.74,10.87
Canada,Toronto,Apartment,High,Declining,0.61,196596,210219,224787,1.39,5.91,5.81,2.11,11.17
China,Shenzhen,Condo,Middle,Declining,0.45,54350,59259,64611,1.81,3.34,1.3,2.26,5.83
Japan,Osaka,Apartment,High,Booming,0.46,387538,450493,523674,3.25,6.13,4.14,2.29,11.4
China,Shenzhen,Condo,Middle,Booming,0.33,275119,418162,635579,10.4,5.53,3.49,1.89,9.12
Russia,New York,Apartment,Middle,Declining,1.1,68480,74598,81263,1.79,3.95,3.1,1.43,4.99
Germany,Berlin,Apartment,Middle,Declining,0.48,108781,170098,265978,11.27,2.87,2.84,1.36,11.4
Indonesia,Bandung,Townhouse,Middle,Declining,0.98,405365,448989,497308,2.15,7.02,4.67,1.42,8.18
Canada,Vancouver,Apartment,High,Stable,1.04,400393,616405,948955,10.79,7.57,3.14,1.98,3.13
South Korea,Incheon,Apartment,Middle,Declining,1.09,119557,182183,277612,10.48,3.98,4.31,0.64,5.94
France,Marseille,Villa,Low,Stable,1.1,61496,78314,99732,5.47,2.19,4.34,1.1,5.27
Canada,Toronto,Villa,High,Stable,1.09,246222,295612,354908,4.01,5.54,2.28,1.41,7.92
UAE,Dubai,Villa,Middle,Booming,0.51,355607,469516,619911,6.41,6.63,9.53,0.91,6.01
Italy,Naples,Villa,Middle,Declining,0.59,118032,176537,264041,9.91,6.56,5.36,2.38,3.54
Spain,Valencia,Villa,Low,Declining,0.8,406104,554577,757334,7.31,3.59,7.01,1.77,7.9
Brazil,Rio de Janeiro,Condo,Middle,Stable,0.74,221529,320194,462803,8.91,7.3,1.05,3.77,7.6
Italy,Rome,Villa,Middle,Declining,0.93,435031,568545,743036,6.14,7.01,2.6,1.06,8.92
Japan,Tokyo,Townhouse,Low,Declining,1.08,451592,634061,890258,8.08,5.15,3.98,3.93,5.88
Italy,Naples,Condo,Low,Declining,0.97,289392,400716,554864,7.69,4.36,9.68,2.5,11.44
Turkey,Istanbul,Apartment,Middle,Declining,0.31,307702,444461,642002,8.89,6.47,9.14,0.52,3
USA,Kazan,Condo,Low,Stable,0.73,63182,100206,158927,11.72,3.33,5.25,0.71,7.7
USA,Moscow,Villa,Middle,Booming,0.64,70097,86522,106796,4.69,4.35,9.91,1.23,7.9
Saudi Arabia,Riyadh,Apartment,Middle,Declining,1.19,406409,648771,1035667,11.93,7.81,5.41,2.94,3.99
Japan,Osaka,Condo,High,Declining,0.7,414058,549842,730155,6.56,6.22,7.71,1.39,10.88
UAE,Dubai,Apartment,Low,Stable,0.71,144583,220631,336678,10.52,4.51,7.75,2.42,6.44
Brazil,Sao Paulo,Townhouse,Low,Booming,1.03,313011,395900,500738,5.3,2.66,9.06,0.62,10.77
Russia,Los Angeles,Apartment,Low,Stable,0.62,337702,525874,818896,11.14,2.91,6.1,3.18,9.82
Germany,Frankfurt,Condo,High,Declining,0.77,331133,485652,712277,9.33,7.05,7.86,1.74,11.97
Italy,Naples,Villa,Middle,Booming,0.69,61009,76227,95241,4.99,2.77,2.09,1.49,3.48
France,Lyon,Villa,High,Booming,0.92,83295,96773,112432,3.24,2.56,1.57,1.44,8.15
Australia,Melbourne,Townhouse,High,Stable,1.17,444000,680104,1041758,10.64,3.06,3.38,0.77,10.01
China,Beijing,Apartment,Low,Booming,0.36,300513,356508,422937,3.73,3.46,9.92,3.15,10.53
Japan,Tokyo,Townhouse,High,Booming,0.81,441956,620958,872458,8.1,7.68,3.53,2.58,9.21
UK,Birmingham,Condo,Middle,Booming,0.65,445869,708437,1125630,11.78,4.96,4.52,2.15,10.67
Turkey,Ankara,Townhouse,High,Booming,0.88,70148,94572,127502,6.96,2.1,8.01,1.65,7.25
South Korea,Busan,Condo,Low,Stable,1.02,70902,80630,91692,2.74,4.39,3.07,1.68,11.98
Mexico,Monterrey,Apartment,High,Declining,1.04,447756,700908,1097187,11.31,4.05,3.67,1.32,10.47
Mexico,Monterrey,Condo,Middle,Booming,0.91,156277,196495,247062,5.15,5.04,5.75,3.61,6.43
Indonesia,Jakarta,Villa,Middle,Declining,1.12,248615,363104,530315,9.21,7.58,9.17,0.7,4.85
UAE,Sharjah,Villa,Middle,Stable,0.73,244199,342487,480335,8.05,7.67,2.01,2.08,4.73
USA,Saint Petersburg,Villa,High,Stable,1.1,484061,635711,834870,6.27,2.62,8.07,2.94,6.19
Spain,Madrid,Apartment,Low,Stable,1.1,489124,663654,900458,7.14,5.39,3.68,2.55,6.96
Australia,Melbourne,Townhouse,Middle,Stable,0.57,80233,95397,113426,3.78,3.19,5.88,2.61,8.48
Russia,Los Angeles,Villa,High,Declining,0.65,239553,361446,545360,10.18,4.86,9.89,2.04,8.85
South Africa,Johannesburg,Apartment,Low,Declining,0.35,344003,522294,792991,10.37,7.65,9.98,1.49,8.18
USA,Saint Petersburg,Villa,High,Stable,0.71,303718,345205,392360,2.73,7.14,9.19,2.07,5.52
UAE,Dubai,Apartment,Low,Declining,0.43,357694,437005,533901,4.43,7.46,7.04,2.76,8.03
Italy,Naples,Condo,Low,Declining,0.34,469365,654936,913875,7.91,7.96,5.84,2.99,3.51
Germany,Munich,Apartment,Low,Declining,0.87,394092,582541,861101,9.56,6.62,3.04,3.91,11.96
Italy,Naples,Condo,Low,Stable,0.37,471401,570017,689262,4.18,6.14,4.04,3.89,3.91
Saudi Arabia,Dammam,Apartment,Middle,Declining,0.75,242622,298258,366652,4.59,5.87,2.18,3.01,11.83
Indonesia,Bandung,Apartment,High,Booming,1.02,437008,545298,680423,4.96,3.95,5.65,0.66,11.51
Spain,Madrid,Condo,High,Booming,0.43,456356,500152,548152,1.92,6.94,2.37,0.63,9.48
China,Beijing,Villa,Low,Booming,0.55,371523,503524,682425,7.11,2.65,9.39,2.08,9.61
Turkey,Izmir,Villa,High,Stable,0.75,321963,391676,476484,4.33,3.2,5.88,2.04,6.51
Russia,Los Angeles,Apartment,High,Booming,0.91,360728,387875,417065,1.51,4.03,4.71,0.84,5.12
Germany,Berlin,Townhouse,High,Booming,0.35,498309,725093,1055087,9.1,2.52,1.18,3.02,6.95
India,Delhi,Condo,Middle,Stable,1.01,465564,642299,886126,7.59,3.12,8.04,3.85,8.22
India,Delhi,Apartment,Middle,Declining,0.91,201864,254316,320397,5.2,6.41,9.35,2.7,10.11
UK,Manchester,Apartment,Low,Stable,0.45,145382,195192,262069,6.85,3.06,6.71,1.52,10.12
France,Paris,Townhouse,Low,Declining,1.03,258704,297367,341807,2.99,5.88,9.94,2.68,3.32
UK,London,Townhouse,Low,Stable,0.32,194163,224779,260222,3.15,6.88,8.6,1.41,5.93
Saudi Arabia,Jeddah,Apartment,High,Stable,0.51,458772,608542,807204,6.53,5.94,4.74,2.71,6.47
Spain,Valencia,Condo,High,Booming,0.61,335516,461363,634413,7.5,3.76,2.34,1.79,6.74
China,Beijing,Apartment,Middle,Stable,0.87,461538,493800,528318,1.4,3.46,2.74,2.26,6.87
South Africa,Durban,Townhouse,Middle,Declining,0.96,159087,219059,301638,7.54,7.3,9.2,3.86,9.96
Italy,Naples,Villa,High,Booming,1.12,155539,180218,208813,3.17,2.04,7.36,3.78,4.68
South Africa,Cape Town,Townhouse,Middle,Stable,0.87,385907,602087,939369,11.2,5.88,9.73,1.71,6.15
China,Shanghai,Condo,Middle,Stable,0.79,222576,233879,245757,1.02,6.39,7.77,3.11,6.11
Germany,Frankfurt,Townhouse,High,Declining,0.77,211988,224457,237660,1.18,5.37,2.11,0.78,9.8
South Africa,Johannesburg,Apartment,Low,Stable,0.31,481554,642099,856169,6.67,7.9,1.52,2.54,6.14
UK,London,Condo,Low,Declining,1.06,212550,253629,302648,3.87,7.15,4.37,0.56,6.51
Russia,Chicago,Villa,High,Booming,0.89,164462,211760,272661,5.75,2.34,6.29,3.15,6.72
France,Paris,Condo,Low,Booming,0.68,89727,104179,120959,3.22,2.93,5.34,2.35,11.54
South Korea,Seoul,Villa,Low,Declining,0.37,319941,428584,574120,6.79,5.1,8.86,1.22,3.37
Japan,Yokohama,Villa,Middle,Stable,0.91,205321,217573,230557,1.19,3.51,3.78,2.66,4.55
Japan,Yokohama,Townhouse,Low,Declining,0.67,267114,347937,453217,6.05,7.84,1.41,3.83,8.24
Australia,Melbourne,Condo,High,Booming,1.02,243677,316685,411567,5.99,7.28,9.06,1.34,4.79
France,Lyon,Apartment,High,Stable,0.75,455125,558572,685533,4.55,5.91,7.37,3.23,8.08
Japan,Osaka,Condo,High,Booming,0.66,485157,672540,932297,7.72,6.37,4.1,2.84,5.32
Canada,Vancouver,Townhouse,Low,Stable,0.52,371625,496776,664074,6.74,6.1,3.42,2.6,7
Germany,Munich,Condo,High,Booming,0.84,180896,261123,376930,8.87,6.84,3.34,1.55,8.95
Brazil,Sao Paulo,Apartment,Middle,Declining,0.93,366845,522932,745431,8.51,4.36,4.55,1.39,4.41
Mexico,Guadalajara,Townhouse,Low,Stable,0.92,91935,143950,225396,11.32,6.96,8.72,3.67,6.68
Germany,Munich,Townhouse,Middle,Stable,1.06,121128,128626,136588,1.24,6.71,1.67,3.96,9.07
Brazil,Rio de Janeiro,Apartment,Low,Declining,0.98,160612,228169,324143,8.41,2.26,8.54,1.09,9.28
Indonesia,Jakarta,Condo,Low,Booming,0.5,80804,106243,139690,6.3,3.02,7.56,1.33,6.08
Mexico,Mexico City,Condo,Low,Declining,0.81,178236,224202,282022,5.16,6.89,2.61,0.79,5.96
UK,Birmingham,Apartment,Low,Declining,0.68,294197,369168,463244,5.1,6.74,1.35,2.01,6.44
Saudi Arabia,Dammam,Townhouse,Low,Stable,0.88,484824,645159,858517,6.61,7.92,3.72,0.61,4.49
USA,Kazan,Apartment,Middle,Booming,0.66,192350,212235,234176,2.07,4.6,4.04,0.93,5.67
Spain,Valencia,Townhouse,High,Declining,1.1,185922,268225,386962,8.85,5.67,4.84,1.34,6.32
France,Lyon,Apartment,Middle,Booming,0.83,207839,242796,283633,3.36,2.7,8.92,2.04,8.63
China,Beijing,Apartment,High,Stable,0.74,442655,597945,807712,7.02,4.88,9.32,3.02,4
Turkey,Istanbul,Apartment,High,Declining,0.46,404205,610236,921285,10.19,5.27,5.99,2.71,6.95
Saudi Arabia,Jeddah,Condo,Middle,Stable,0.91,98817,156002,246281,11.57,6.5,6.68,1.61,4.45
India,Mumbai,Townhouse,Low,Declining,0.67,347710,486286,680090,7.97,4.3,6.52,3.35,3.24
Italy,Milan,Townhouse,High,Declining,0.71,391350,528471,713636,7.01,5.91,5.65,3.97,3.49
Indonesia,Surabaya,Condo,Middle,Stable,0.74,91137,103704,118003,2.76,4.3,2.4,3.87,11.52
USA,Moscow,Townhouse,Low,Booming,0.6,337886,453972,609941,6.87,6.89,6.65,0.5,9.87
Turkey,Izmir,Condo,High,Booming,0.97,279375,432083,668262,10.93,7.45,5.72,2.63,11.97
UK,London,Villa,Low,Stable,0.57,196078,225592,259550,3.01,7.38,7.7,0.87,11.84
South Korea,Busan,Condo,Middle,Booming,0.96,432735,465832,501460,1.53,5.03,7.29,2.4,9
Canada,Vancouver,Apartment,High,Booming,1.04,218452,331340,502567,10.34,2.98,3.44,0.65,6.28
UK,London,Apartment,High,Booming,0.64,412372,581123,818932,8.18,4.62,6.87,0.68,4.62
Germany,Frankfurt,Villa,Middle,Stable,0.86,338615,499719,737473,9.52,4.42,7.5,2.89,11.67
India,Delhi,Villa,Middle,Booming,0.49,298256,411882,568797,7.62,7.99,2.81,2.33,6.12
UAE,Sharjah,Villa,Middle,Stable,0.77,154458,166226,178890,1.52,5.44,4.02,1.14,5.92
Germany,Munich,Townhouse,Middle,Stable,0.34,477699,654272,896111,7.39,6.89,4.81,3.66,7.35
France,Paris,Condo,Low,Stable,0.82,271307,394292,573025,9.07,5.4,3.44,1.01,8.46
Saudi Arabia,Jeddah,Condo,High,Stable,0.74,93189,118125,149735,5.35,5.09,8.44,0.77,6.14
UK,Birmingham,Townhouse,High,Booming,1.04,341791,413388,499983,4.19,7.07,5.44,2.24,11.79
France,Marseille,Townhouse,Low,Declining,1.15,211340,238247,268580,2.55,3.95,1.27,0.57,6.56
South Africa,Durban,Villa,Low,Stable,1.15,442111,588579,783572,6.63,5.39,1.05,1.25,3.22
South Korea,Incheon,Townhouse,High,Stable,0.98,115541,176543,269754,10.56,5.86,3.06,1.05,8.65
Mexico,Monterrey,Apartment,Middle,Declining,1.11,373262,463480,575503,4.83,5.52,3.8,4,9.74
USA,Kazan,Condo,High,Declining,0.85,240467,334245,464595,7.8,4.05,1.26,1.88,11.37
Italy,Naples,Apartment,High,Booming,0.86,87780,134896,207301,10.73,3.61,3.19,1.54,8.19
USA,Saint Petersburg,Condo,High,Booming,0.79,271136,391696,565861,8.89,3.9,8.04,1.11,10.04
Australia,Sydney,Apartment,Low,Booming,0.9,357444,469986,617964,6.3,6,1.72,3.48,3.5
Russia,New York,Villa,Low,Declining,0.43,309555,450922,656847,9.13,2.46,9.29,3.91,8.45
India,Bangalore,Apartment,High,Booming,0.73,383628,472091,580954,4.61,4.96,9.25,3.84,11.34
Mexico,Mexico City,Townhouse,Low,Declining,0.54,154611,187654,227758,4.27,4.65,3.83,1.81,8.59
South Korea,Busan,Townhouse,Middle,Declining,0.99,381001,570714,854892,9.96,2.19,1.43,3.26,7.8
Indonesia,Jakarta,Condo,Low,Stable,0.82,73664,87691,104390,3.81,5.83,8.73,3.71,7.5
China,Shenzhen,Apartment,Middle,Booming,0.79,424872,571748,769398,6.91,5.1,9.15,3.26,11.18
Turkey,Izmir,Townhouse,Low,Stable,0.5,285969,432774,654943,10.27,2.67,8.15,1.14,10.27
Russia,Los Angeles,Townhouse,Low,Declining,0.85,136956,179460,235154,6.21,6.09,6.7,2,11.09
Germany,Berlin,Villa,Middle,Booming,0.77,277640,301028,326386,1.68,7.53,2.59,2.35,10.23
Saudi Arabia,Riyadh,Townhouse,High,Declining,0.49,287318,339718,401675,3.65,6.56,6.08,3.5,11.05
UK,London,Condo,Low,Declining,0.88,376426,508955,688143,7.04,4.31,6.83,3.68,6.75
South Korea,Busan,Apartment,High,Stable,0.58,224797,289868,373776,5.79,2.44,5.49,2.23,8.3
China,Beijing,Villa,High,Declining,0.63,325898,499608,765909,10.66,7.73,6.25,0.65,11.72
South Africa,Durban,Townhouse,High,Declining,0.94,201184,227526,257317,2.62,2.86,2.51,0.66,11.12
USA,Kazan,Townhouse,High,Declining,0.79,364982,549465,827198,10.11,6.75,8.94,3.89,6.95
Mexico,Mexico City,Townhouse,Low,Booming,1.16,375480,408848,445182,1.78,6.09,7.18,3.67,6.36
UK,Manchester,Condo,High,Declining,0.83,55484,68392,84303,4.65,2.37,5.7,3.36,4.86
South Korea,Busan,Villa,High,Stable,0.77,141804,158307,176730,2.33,5.07,1.71,2.56,3.28
Mexico,Mexico City,Villa,Middle,Stable,0.4,297499,409142,562683,7.51,2.17,6.16,3.43,9.5
Mexico,Monterrey,Townhouse,Low,Booming,0.42,316614,449509,638185,8.39,2.22,8.7,3.67,10.65
Canada,Toronto,Townhouse,Middle,Booming,1.04,385234,538707,753321,7.97,6.07,8.26,2.82,5.95
Australia,Melbourne,Villa,Middle,Declining,0.64,453676,480632,509190,1.19,6.19,9.59,2.97,11.95
France,Lyon,Apartment,Middle,Booming,0.92,65463,98513,148248,10.1,3.71,5.01,1.59,5.42
Brazil,Sao Paulo,Villa,Low,Booming,0.69,220438,308247,431032,7.97,6.88,3.67,1.25,9
Turkey,Istanbul,Condo,Low,Stable,0.9,455509,482279,510623,1.18,7.12,5.69,2.67,3.82
Turkey,Izmir,Apartment,High,Declining,0.69,152286,181194,215588,3.8,5.02,8.31,3.1,8.32
Saudi Arabia,Dammam,Condo,Middle,Stable,0.79,242288,384024,608674,11.7,5.36,3.29,1.31,8.5
Japan,Tokyo,Villa,High,Declining,0.77,53464,80545,121345,10.13,6.22,6.96,0.74,6.26
Australia,Melbourne,Townhouse,Middle,Declining,1.14,438165,528887,638392,4.14,2.94,5.04,1.75,9.14
Australia,Brisbane,Townhouse,Middle,Declining,1.17,213351,231320,250802,1.68,7.39,1.34,3.83,8.98
Japan,Yokohama,Condo,Low,Stable,1.15,139847,149970,160825,1.45,4.93,5.06,1.66,11.62
Spain,Madrid,Townhouse,Low,Booming,1.04,347712,396243,451547,2.79,6.41,7.54,1.99,11.32
Italy,Milan,Condo,High,Booming,0.45,170302,184739,200400,1.7,6.77,6.6,1.6,4.47
UK,London,Villa,High,Declining,0.34,125036,162459,211085,5.99,3.48,3.33,3.56,7.64
Brazil,Brasilia,Villa,Low,Declining,0.96,66070,82643,103373,5.02,4.88,2.68,0.92,10.83
Indonesia,Surabaya,Townhouse,Middle,Booming,1.15,85463,106142,131824,4.84,7.75,1.75,2.75,11.75
Germany,Munich,Townhouse,Middle,Declining,1.18,262050,298610,340269,2.79,3.21,9.01,3.69,8.47
UAE,Sharjah,Villa,High,Booming,0.99,382969,541519,765709,8.28,6.96,7.17,2.37,5.13
Spain,Barcelona,Condo,Middle,Stable,0.97,263047,318849,386488,4.24,6.81,7.27,3.78,4.49
Germany,Berlin,Condo,Middle,Booming,0.88,159908,247373,382678,10.94,2.6,6.91,3.27,6.19
South Korea,Incheon,Villa,High,Booming,1.16,432829,524606,635843,4.24,2.05,3.67,1.48,11.01
Spain,Madrid,Condo,High,Booming,1.17,81698,106960,140033,6.18,5.29,1.84,1.82,5.85
Spain,Barcelona,Villa,Low,Declining,0.78,347536,499380,717568,8.74,2.82,8.32,2.87,11
Italy,Rome,Apartment,Low,Declining,0.7,452250,690214,1053387,10.52,4.63,4.43,3.76,9.44
Japan,Osaka,Apartment,Middle,Stable,1.14,408639,566011,783989,7.7,2.7,3.62,3.89,5.87
India,Bangalore,Townhouse,High,Stable,0.38,368399,535543,778519,9.07,3.71,3.68,2.14,3.2
Indonesia,Jakarta,Townhouse,Low,Booming,1.01,192690,292806,444939,10.39,6.82,6.95,1.64,7.65
Mexico,Mexico City,Townhouse,Low,Stable,0.7,202497,307081,465681,10.33,4.9,8.49,0.87,4.27
Canada,Toronto,Villa,Low,Stable,1.18,314496,418397,556624,6.61,5.14,2.94,3.02,3.76
UAE,Abu Dhabi,Condo,High,Stable,0.82,306846,476472,739867,11.06,5.16,2.23,2.5,3.82
India,Bangalore,Townhouse,High,Stable,0.48,63999,85266,113601,6.65,2.51,5.22,3.77,9.48
Indonesia,Jakarta,Apartment,Low,Stable,0.37,150894,214348,304484,8.41,7.37,1.3,3.34,8.06
Mexico,Mexico City,Townhouse,Middle,Stable,0.79,481016,702863,1027026,9.22,7.1,4.19,2.44,8.54
Russia,New York,Townhouse,Low,Stable,0.59,306612,361851,427042,3.6,2.86,4.37,3.09,11.25
South Africa,Cape Town,Apartment,Middle,Declining,0.71,339271,375461,415511,2.13,7.43,6.12,3.23,10.15
Spain,Madrid,Apartment,Middle,Booming,0.53,288129,454743,717704,11.57,2.54,7.15,3.87,5.71
China,Shenzhen,Villa,Low,Booming,1.08,470146,686835,1003395,9.22,3.39,4.01,0.63,10.48
China,Shanghai,Apartment,High,Stable,1.06,334720,416355,517899,4.88,2.46,7.78,3.04,11.21
Spain,Barcelona,Townhouse,High,Declining,0.96,422913,617569,901820,9.21,5.78,4.84,3.66,8.86
Canada,Montreal,Villa,High,Stable,0.66,87561,105939,128175,4.2,5.26,3.48,1.27,7.75
China,Shenzhen,Townhouse,Low,Booming,0.45,410185,539968,710815,6.33,5.44,2.33,1.64,6.69
USA,Moscow,Condo,High,Declining,1.03,396572,465035,545318,3.45,5.7,3.19,3.96,11.57
USA,Moscow,Apartment,Low,Stable,0.81,364506,543401,810095,9.82,6.33,7.3,3.85,8.37
Mexico,Monterrey,Villa,Middle,Stable,0.87,432171,613009,869516,8.37,6.4,3.11,1.8,4.33
Italy,Rome,Villa,High,Stable,0.76,255077,407726,651725,11.97,5.67,8.08,1.67,10.48
France,Marseille,Villa,High,Declining,0.85,363647,440717,534121,4.24,5.29,6.71,2.56,11.24
Canada,Vancouver,Townhouse,Middle,Stable,1.11,486943,690040,977845,8.34,7.83,8.49,1.45,6.85
Germany,Berlin,Condo,Low,Declining,0.51,51889,59850,69032,3.07,2.02,7.48,1.99,5.81
Germany,Frankfurt,Villa,Middle,Declining,0.99,424619,673622,1068644,11.73,5.85,5.15,1.57,5
Italy,Rome,Villa,Middle,Stable,0.49,234135,373559,596006,11.91,2.01,2.77,1.16,9.45
Indonesia,Jakarta,Apartment,Low,Declining,0.62,255767,289463,327598,2.63,4.43,1.93,2.37,3.88
Mexico,Monterrey,Apartment,Low,Declining,1.01,304971,441653,639594,8.96,4.51,4.43,0.84,7.71
France,Lyon,Apartment,High,Booming,0.76,260646,379835,553528,9.15,7,7.76,1,8.6
India,Mumbai,Condo,High,Declining,0.37,362580,456855,575643,5.2,2.79,8.76,2.65,6.19
India,Delhi,Villa,Low,Declining,0.33,291790,454542,708074,11.16,5.58,9.74,0.98,8.11
Brazil,Rio de Janeiro,Townhouse,High,Booming,1.02,286493,315167,346711,2,5.5,6.51,3.05,9.85
USA,Kazan,Apartment,High,Stable,0.99,348550,407349,476067,3.37,4.43,7.99,3.84,3.71
Japan,Yokohama,Townhouse,Middle,Declining,0.78,190635,223799,262733,3.48,5.03,6.45,0.53,10.02
USA,Saint Petersburg,Villa,Middle,Stable,1.04,484480,556839,640005,2.99,5.57,4.84,1.67,8.09
Germany,Frankfurt,Townhouse,Low,Booming,1,60374,95582,151322,11.66,6.86,7.76,3.16,6.5
Germany,Munich,Condo,High,Declining,0.98,224047,345993,534313,10.89,3.06,3.63,2.43,5.87
Indonesia,Surabaya,Condo,High,Booming,0.68,271590,413087,628303,10.42,5.14,4.26,1.37,6.68
China,Shanghai,Condo,Low,Booming,0.76,385752,430721,480934,2.33,3.33,4.42,1.76,6.53
Australia,Brisbane,Villa,Middle,Stable,1.01,195869,259732,344415,6.52,5.74,3.09,3.02,7.92
Italy,Milan,Apartment,Low,Declining,0.7,414403,490621,580857,3.68,7.3,6.05,2.63,10.88
South Africa,Durban,Townhouse,Low,Stable,1.04,320703,469590,687599,9.29,4.6,5.93,0.72,3.81
China,Beijing,Apartment,High,Stable,1.05,76852,87855,100433,2.86,6.77,1.01,1.49,8.26
UAE,Abu Dhabi,Condo,Middle,Declining,0.84,399719,530930,705213,6.57,5.06,7.53,2.25,8.48
Italy,Rome,Apartment,Middle,Declining,1.11,230653,291042,367243,5.24,2.02,6.52,0.6,7.54
Japan,Tokyo,Condo,Low,Declining,1.02,297464,356452,427136,3.97,6.72,3.43,3.07,8.49
UAE,Abu Dhabi,Condo,Middle,Declining,0.45,457310,530642,615732,3.21,7.94,1.07,1.42,4.8
Japan,Osaka,Townhouse,Middle,Declining,0.31,379566,543304,777677,8.63,6.75,3.31,2.06,8.93
Brazil,Rio de Janeiro,Apartment,Middle,Declining,0.7,363797,508837,711703,7.97,2.69,8.03,3.02,8.9
Germany,Munich,Apartment,High,Stable,0.44,170598,216020,273534,5.32,3.68,3.05,3.32,8.74
Spain,Madrid,Apartment,High,Stable,0.81,151679,235852,366736,11.1,3.15,8.15,3.88,9.54
Mexico,Guadalajara,Apartment,High,Booming,1.19,342973,401142,469177,3.39,3.22,3.92,0.52,9.14
Germany,Berlin,Townhouse,Low,Booming,0.54,416832,520017,648745,4.95,4.88,9.69,1.35,9.49
UAE,Dubai,Condo,Low,Stable,0.98,149449,198102,262594,6.51,4.1,7.95,2.68,7.28
USA,Kazan,Villa,High,Declining,1,155820,228197,334193,9.29,7.19,8.91,3.24,6.67
South Korea,Seoul,Apartment,Middle,Booming,1.18,220817,309419,433571,8.02,2.97,9.82,2.96,9.78
India,Mumbai,Villa,Middle,Stable,0.36,393538,580901,857466,9.52,6.03,3.63,2.21,3.99
Australia,Melbourne,Townhouse,Low,Booming,0.72,159721,198374,246381,4.84,2.98,3.07,0.77,11.28
China,Shanghai,Villa,Low,Stable,0.78,228534,307210,412972,6.89,5.77,9.3,1.13,5.66
China,Shenzhen,Townhouse,Low,Booming,1.18,217037,230582,244972,1.25,2.89,1.24,3.96,5.51
Spain,Barcelona,Villa,Low,Declining,1.13,498149,687402,948555,7.6,2.2,1.73,2.19,6.66
Japan,Yokohama,Condo,Middle,Booming,0.85,247482,386997,605164,11.27,5.21,7.24,3.64,4.32
UK,London,Townhouse,Low,Stable,0.51,98293,110757,124801,2.54,5.08,3.89,1.98,11.84
UK,Manchester,Condo,Middle,Stable,0.44,293365,323987,357804,2.09,3.91,5.75,3.81,6.52
Russia,Chicago,Condo,Middle,Declining,0.36,224673,253916,286965,2.6,3.38,6.56,0.74,7.18
UAE,Sharjah,Villa,Low,Booming,0.85,239836,254351,269744,1.21,7.91,4.3,3.23,5.93
Italy,Naples,Townhouse,Low,Declining,0.73,224809,278402,344772,4.77,2.13,4.24,3.61,9.21
South Africa,Durban,Villa,Middle,Stable,0.43,316020,486900,750180,10.81,6.2,2.34,3.54,5.71
Spain,Madrid,Villa,Middle,Declining,0.71,286764,435245,660605,10.36,7.59,9.37,0.53,11.3
South Africa,Johannesburg,Townhouse,Middle,Declining,0.35,169598,226116,301467,6.66,4.88,6.44,2.18,11.41
Turkey,Izmir,Apartment,High,Declining,0.52,173311,269742,419829,11.13,2.46,6.49,2.89,7.55
Turkey,Ankara,Apartment,Low,Declining,0.92,127740,194030,294721,10.38,2.84,4.61,0.76,7.91
South Korea,Seoul,Villa,Middle,Booming,0.9,473550,689789,1004771,9.13,5.25,9.39,2.17,8.05
China,Shenzhen,Townhouse,Middle,Stable,0.84,234491,354355,535488,10.22,3.11,5.99,3.03,11.14
Mexico,Mexico City,Villa,High,Booming,1.1,278933,391549,549633,8.07,4.37,5.21,3.67,11.38
Canada,Vancouver,Villa,Middle,Declining,1.11,112267,170370,258545,10.35,7.69,4.25,2.32,10.01
Australia,Sydney,Villa,Low,Stable,0.81,497068,646507,840875,6.01,6.28,8.13,2.23,10.71
France,Lyon,Villa,Low,Stable,0.79,235243,260956,289479,2.19,4.36,7.61,3.72,5.27
Italy,Rome,Condo,Low,Booming,0.62,119282,170562,243886,8.6,7.76,6.77,2.66,7.98
Mexico,Mexico City,Apartment,High,Declining,0.38,378277,522448,721568,7.62,5.97,9.09,3.24,10.03
USA,Moscow,Condo,High,Declining,1.13,495471,678649,929549,7.39,2.65,5.13,3.26,3.25
Indonesia,Jakarta,Townhouse,Low,Declining,0.35,80221,116486,169146,9.04,5.01,4.32,0.87,9.59
Brazil,Rio de Janeiro,Apartment,Middle,Stable,0.59,169396,238641,336191,8.18,5.35,4.26,2.75,5.44
Saudi Arabia,Jeddah,Apartment,High,Booming,1.02,153194,174236,198170,2.75,6.69,7.37,1.14,4.05
South Korea,Incheon,Apartment,High,Declining,1.05,399469,491344,604349,4.6,5.95,2.12,2.27,3.17
Brazil,Sao Paulo,Apartment,High,Stable,0.65,83679,109731,143894,6.23,4.53,5,0.66,6.25
Australia,Brisbane,Townhouse,Middle,Stable,0.98,216011,311779,450004,8.87,4.22,4.81,2.47,11.56
Germany,Frankfurt,Condo,High,Stable,0.4,64811,89723,124211,7.69,7.69,9.91,2.19,7.21
Italy,Milan,Condo,Low,Booming,0.88,300036,419674,587019,7.97,7.24,7.72,2.24,7.16
Spain,Valencia,Condo,Middle,Declining,0.88,255068,332042,432245,6.04,2.1,2.57,2.21,10.4
Canada,Montreal,Villa,High,Booming,0.55,285190,353558,438316,4.79,2.63,9.62,3.49,3.71
Australia,Sydney,Condo,Low,Declining,0.95,206411,329673,526543,11.94,3.81,3.15,2.49,10.52
Saudi Arabia,Riyadh,Villa,Middle,Stable,0.47,369231,400163,433686,1.68,7.51,1.73,3.7,7.42
China,Shanghai,Apartment,High,Stable,0.7,487988,778200,1241005,11.89,5.9,2.14,2.27,7.76
South Africa,Durban,Apartment,Middle,Booming,0.76,306271,324739,344320,1.21,6.27,7.41,0.9,8.13
Canada,Vancouver,Villa,Low,Declining,0.81,357103,391730,429716,1.94,5.76,3.53,2.27,9.96
Saudi Arabia,Jeddah,Condo,High,Declining,0.94,103506,142337,195735,7.5,7.81,2.41,3.49,9.32
China,Shanghai,Townhouse,Middle,Booming,1,176881,213732,258261,4.17,7.44,4.24,0.72,8.41
Australia,Melbourne,Apartment,High,Stable,0.41,408468,573065,803987,8.06,7.25,8.06,0.89,6.43
Turkey,Izmir,Villa,High,Declining,1,237804,376871,597266,11.7,6.41,1.14,3.58,3.91
UK,Birmingham,Condo,Middle,Booming,0.43,380522,580574,885801,10.51,5.22,3.6,1.73,6.09
UAE,Dubai,Condo,High,Declining,0.59,159309,220624,305537,7.7,7.4,3.76,1.15,10.55
Germany,Berlin,Apartment,High,Declining,0.97,468877,535005,610460,2.82,2.87,5.87,2.65,7.32
Italy,Milan,Condo,Middle,Declining,0.84,131171,172331,226406,6.28,5.95,4.89,2.88,7.06
Germany,Munich,Villa,Middle,Stable,0.6,186622,238129,303852,5.52,2.14,7.02,3.46,6.19
China,Shanghai,Townhouse,Middle,Stable,0.34,494049,590405,705555,3.9,2.76,4.33,3.08,5.65
UAE,Sharjah,Townhouse,Low,Stable,0.82,237002,264203,294525,2.3,3.98,7.52,2.64,4.08
Japan,Osaka,Villa,High,Declining,0.45,338330,506608,758584,9.95,4.1,6.36,1.1,5.8
Saudi Arabia,Riyadh,Villa,Low,Stable,0.32,395724,502789,638822,5.41,6.9,7.38,3.4,5.57
China,Shenzhen,Townhouse,Middle,Booming,0.47,487358,704003,1016953,8.89,7,1.12,1.74,9.69
UK,Birmingham,Apartment,Low,Stable,0.37,305303,392617,504901,5.72,2.11,3.12,1.5,4.01
Turkey,Istanbul,Villa,High,Stable,0.87,159079,191323,230102,4.05,7.39,5.2,1.87,9.51
South Africa,Cape Town,Villa,Middle,Stable,1.12,61266,79434,102988,5.93,5.66,3.87,3.2,11.74
Brazil,Brasilia,Townhouse,High,Declining,1.15,169692,199301,234076,3.49,7.74,5.13,1.23,9.36
Spain,Barcelona,Condo,High,Booming,0.56,170261,261110,400435,10.67,2.97,1.58,1.44,8.46
UAE,Sharjah,Townhouse,Middle,Booming,0.41,262218,365803,510308,7.9,7.09,3.07,3.36,5.11
South Africa,Johannesburg,Apartment,Middle,Stable,0.91,243803,271371,302056,2.26,6.29,2.96,1.12,6.22
India,Mumbai,Townhouse,High,Booming,0.89,155298,178751,205744,3.02,2.06,5.24,2,5.1
Canada,Montreal,Townhouse,Middle,Stable,0.35,243165,360739,535160,9.67,6.29,8.75,0.53,11.7
Brazil,Brasilia,Townhouse,High,Declining,0.61,495679,589333,700682,3.78,4.83,4.19,1.75,10.58
UK,Birmingham,Townhouse,High,Booming,0.97,496468,688816,955687,7.75,4.78,1.81,3.99,7.96
Mexico,Monterrey,Condo,High,Declining,0.93,233034,314886,425487,7.02,7.66,2.5,1.52,4.37
France,Paris,Apartment,Low,Declining,1.01,77920,85315,93411,1.9,3.79,5.63,1.92,3.4
France,Lyon,Apartment,High,Stable,1.16,478791,576295,693655,4.07,6.39,6.21,1.33,5.36
Indonesia,Surabaya,Villa,Low,Stable,0.74,238657,288817,349519,4.2,6.85,5.33,2.79,4.7
Saudi Arabia,Jeddah,Townhouse,High,Declining,0.78,193089,258648,346467,6.79,6.68,7.92,1.74,9.25
Russia,New York,Townhouse,Middle,Declining,1.15,331551,375192,424577,2.63,6.08,1.94,3.55,7.65
Turkey,Istanbul,Townhouse,High,Stable,0.65,75653,95280,119998,5.19,7.42,1.19,2.16,11.38
Russia,Chicago,Apartment,High,Stable,0.66,242679,332035,454294,7.36,4.78,2.52,0.56,8.49
Italy,Milan,Condo,Low,Declining,1.13,97864,114112,133057,3.32,4.22,8.28,1.44,10.94
UAE,Abu Dhabi,Apartment,High,Declining,0.35,473430,643113,873612,7.17,5.95,4.31,3.24,4.5
Mexico,Mexico City,Condo,Middle,Declining,0.34,227983,346427,526407,10.39,6.53,5.65,2.5,4.17
South Africa,Durban,Villa,High,Declining,1.06,404132,570254,804662,8.22,4.8,9.68,3.58,8.8
Germany,Berlin,Townhouse,Low,Stable,0.63,328110,448360,612680,7.33,4.37,3.76,1.92,8.17
Canada,Toronto,Villa,Low,Stable,0.69,168609,247607,363618,9.37,5.19,1.61,1.79,10.96
China,Shenzhen,Apartment,Low,Booming,0.98,195461,306092,479341,11.32,2.46,9.65,1.36,3.08
Russia,New York,Villa,High,Stable,0.69,211537,284834,383529,6.93,6.78,8.58,1.9,6.87
Australia,Melbourne,Villa,High,Stable,0.43,71396,100145,140471,8.05,2.39,7.6,2.39,4.79
India,Mumbai,Condo,Low,Booming,0.79,132349,170903,220688,5.83,6.8,5.16,1.02,9.51
Japan,Tokyo,Villa,High,Declining,0.47,382347,502268,659802,6.27,4.72,8.66,2.98,3.3
Turkey,Izmir,Condo,Middle,Booming,0.57,441914,468464,496609,1.2,5.27,7.55,2.68,9.84
India,Delhi,Townhouse,High,Declining,0.95,361414,542788,815185,10.04,5.87,4.62,2.15,9.45
Australia,Melbourne,Condo,Low,Declining,1.09,172498,213578,264439,4.76,7.58,6.21,1.13,8.97
South Africa,Johannesburg,Townhouse,Low,Declining,1.19,420554,614075,896647,9.2,3.25,8.89,2.34,11
Canada,Montreal,Villa,Middle,Stable,0.6,77923,102218,134089,6.24,3.62,7.44,3.85,9.22
Italy,Naples,Condo,Middle,Declining,1.1,253861,374293,551858,9.49,7.06,7.4,2.28,8.63
Germany,Berlin,Villa,Low,Booming,0.93,163888,245057,366425,9.91,7.7,5.19,2.95,9.63
France,Marseille,Apartment,Low,Booming,0.9,296202,454642,697833,10.7,4.69,1.55,3.46,9.07
Spain,Valencia,Condo,High,Stable,1.06,112346,119864,127884,1.34,7.61,2.33,3.33,10.41
Saudi Arabia,Riyadh,Villa,Middle,Declining,0.94,109068,154557,219018,8.34,7.33,4.83,1.95,6.99
Australia,Sydney,Townhouse,High,Booming,0.37,451412,689780,1054018,10.56,7.99,6.27,3.13,4.82
Germany,Berlin,Condo,High,Declining,0.9,342380,529204,817973,10.91,6.98,9.45,3.54,10.82
South Korea,Seoul,Townhouse,Middle,Declining,0.36,430683,596114,825089,7.68,4.28,1.51,2.87,5.95
Spain,Valencia,Apartment,Middle,Stable,0.72,356778,553532,858792,11.03,6.95,5.06,1.86,5.16
Brazil,Brasilia,Townhouse,Middle,Declining,0.64,99971,158365,250867,11.68,5.44,2.15,1.73,7.92
France,Marseille,Townhouse,Low,Stable,0.78,65977,103779,163240,11.46,3.65,1.15,0.77,8.22
USA,Saint Petersburg,Villa,Middle,Stable,0.42,68776,86575,108980,5.18,5.74,2.01,1.6,6.76
Italy,Rome,Townhouse,Middle,Booming,0.44,277733,304637,334146,1.94,2.28,5.68,1.37,3.86
Brazil,Rio de Janeiro,Condo,Low,Booming,0.68,461813,668847,968695,8.97,6.89,8.85,3.9,9.87
South Africa,Johannesburg,Condo,High,Booming,0.85,214442,246587,283552,3,6.12,9.95,2.14,9.51
South Korea,Seoul,Condo,Middle,Declining,0.75,244370,311735,397670,5.51,5.03,4.3,3.12,10.87
USA,Kazan,Villa,High,Booming,1.09,152464,235214,362877,10.86,4.05,3.78,3.04,5.74
Italy,Rome,Townhouse,Middle,Declining,0.35,218128,315589,456596,8.94,3.96,6.67,2.81,9.6
South Korea,Incheon,Condo,Low,Stable,1.11,244654,279282,318811,2.83,3.91,4.89,3,3.12
India,Bangalore,Apartment,High,Booming,0.58,400929,568907,807263,8.38,6.39,8.31,3.24,9.14
Russia,Chicago,Apartment,Low,Declining,0.7,492619,671435,915160,7.26,3.22,3.64,2.93,11.32
Brazil,Rio de Janeiro,Townhouse,Middle,Booming,0.46,87056,133617,205081,10.7,7.49,3.49,1.82,8.94
UK,Manchester,Villa,Low,Stable,0.6,444721,493271,547120,2.18,2.23,2.88,1.5,4.02
Australia,Brisbane,Villa,High,Declining,0.36,390023,444764,507188,2.81,7.48,4.31,2.85,5.03
Mexico,Mexico City,Condo,Middle,Booming,0.52,308619,419214,569441,7.17,6.61,7.82,2.85,7.04
Mexico,Guadalajara,Condo,Low,Stable,1.1,330160,526477,839525,11.89,6.92,1.4,1.62,8.15
USA,Kazan,Condo,Low,Booming,0.95,297651,441230,654067,9.65,3.7,2.66,0.69,8.16
Mexico,Monterrey,Condo,Middle,Declining,0.92,196767,273009,378792,7.75,2.31,1.89,2.96,6.31
France,Lyon,Condo,High,Booming,0.9,424275,644449,978880,10.38,3.03,5.38,3.07,9.97
Australia,Brisbane,Townhouse,Low,Booming,1.01,152675,176476,203988,3.12,5.54,7.67,1.62,3.94
Germany,Munich,Condo,High,Stable,0.95,184864,211022,240882,2.83,2.89,3.83,2.57,6.23
Turkey,Izmir,Apartment,High,Stable,0.32,93609,113246,137002,4.2,5.96,1.89,2.46,4.08
Turkey,Ankara,Apartment,Low,Booming,0.49,127485,138573,150625,1.74,6.03,5.17,3.41,3.89
South Korea,Busan,Villa,High,Stable,0.43,187906,276452,406724,9.42,3.83,4.68,1.56,3.72
Brazil,Brasilia,Townhouse,Low,Booming,1.15,296843,440309,653114,9.67,5.95,5.63,0.81,8.78
UAE,Abu Dhabi,Villa,Low,Stable,0.44,236472,330118,460849,7.92,6.69,7.17,2.85,4.34
India,Bangalore,Townhouse,Low,Declining,0.61,69311,100203,144865,8.91,7.72,3.38,0.81,7.28
Australia,Brisbane,Apartment,Low,Stable,1.07,298388,320985,345292,1.51,7.85,8.46,0.96,11.3
UAE,Sharjah,Townhouse,Low,Booming,0.71,217354,283338,369354,6.07,7.01,6.94,0.71,11.62
South Korea,Incheon,Condo,Low,Booming,0.43,385506,539660,755456,8,3.13,2.54,3.55,6.78
France,Paris,Apartment,Middle,Declining,0.89,276832,401419,582075,9,4.88,3.59,1.77,10.73
UAE,Dubai,Townhouse,Low,Declining,0.72,146052,228430,357273,11.28,6.78,1.5,4,9.25
France,Lyon,Apartment,Middle,Stable,0.44,156725,224250,320867,8.62,6.68,3.15,1.4,5.76
France,Marseille,Apartment,High,Stable,0.84,127317,140983,156115,2.15,6.07,8.01,2.25,6.27
USA,Kazan,Townhouse,Low,Booming,0.69,224784,354707,559724,11.56,6.61,2.87,1.84,7.9
USA,Kazan,Apartment,Middle,Booming,0.85,260683,389869,583077,9.91,6.61,5.55,3.49,9.76
South Korea,Incheon,Apartment,Middle,Stable,1,480380,574802,687784,3.93,3.61,9,3.2,11.34
Mexico,Guadalajara,Townhouse,High,Booming,0.36,332491,375563,424216,2.59,5.02,2.4,0.95,3.11
South Africa,Cape Town,Townhouse,High,Declining,0.87,211560,234378,259656,2.16,3.94,2.52,3.8,5.88
France,Marseille,Apartment,Low,Stable,0.6,427936,601792,846279,8.13,6.26,6.72,3.81,4.86
Indonesia,Bandung,Apartment,High,Stable,1.19,423930,582453,800252,7.48,5.97,6.84,0.7,4.96
Brazil,Brasilia,Villa,Low,Booming,1.17,290464,365431,459747,5.16,6.57,5.72,0.55,9.63
India,Delhi,Townhouse,High,Declining,0.96,124317,195944,308839,11.52,3.34,5.12,0.9,8.43
USA,Kazan,Townhouse,Low,Declining,0.64,208928,314403,473125,10.1,2.06,8.18,2.5,11.87
Canada,Toronto,Townhouse,High,Stable,0.83,74921,80754,87041,1.56,7.3,8.57,1.71,8.56
Australia,Melbourne,Condo,High,Declining,0.74,485224,763004,1199807,11.45,7.9,8.8,3.68,4.96
China,Shanghai,Condo,Low,Stable,1.05,368986,582825,920591,11.59,5.43,1.77,2.59,9.18
China,Beijing,Apartment,High,Stable,0.5,227351,313557,432451,7.58,4.24,4.37,0.97,11.47
USA,Moscow,Condo,High,Declining,0.98,50560,74378,109416,9.42,6.44,1.09,1.79,8.46
Canada,Vancouver,Townhouse,Low,Booming,0.71,400094,513721,659619,5.68,2.92,9.79,1.35,9.46
South Korea,Incheon,Townhouse,High,Declining,0.43,198056,256109,331178,5.86,3.15,5.05,1.05,8.03
Spain,Madrid,Condo,Low,Declining,0.9,78095,119417,182604,10.58,3.11,3.03,2.81,7.22
Italy,Naples,Condo,Middle,Booming,0.75,107670,160768,240051,9.86,5.7,2.22,1.81,10.29
UK,London,Condo,Middle,Declining,0.81,98892,124112,155764,5.1,3.46,5.66,3.45,6.93
Brazil,Rio de Janeiro,Condo,Middle,Stable,0.69,457408,625232,854631,7.34,5.4,3.36,2.63,8.18
USA,Saint Petersburg,Villa,Low,Booming,0.66,495813,761093,1168308,10.7,6.5,5.84,2.12,4.66
India,Mumbai,Townhouse,Low,Booming,0.58,398282,517593,672644,5.99,7.29,2.33,2.28,8.82
India,Bangalore,Condo,Low,Stable,0.77,450152,717659,1144136,11.89,2.7,2.17,0.96,9.13
India,Delhi,Apartment,High,Stable,0.64,379992,483733,615796,5.46,5.77,7.93,2.42,7.86
South Africa,Johannesburg,Condo,Low,Declining,0.38,234852,317092,428130,7,4.77,9.11,3.67,10.4
Canada,Vancouver,Condo,Middle,Stable,0.64,372785,472470,598813,5.35,3.4,4.09,0.75,5.99
France,Paris,Villa,Low,Stable,0.71,479966,586699,717167,4.45,7.41,3.06,1.17,7.67
Australia,Brisbane,Townhouse,Middle,Declining,0.91,69950,81952,96014,3.43,4.73,3.98,2.99,7.6
Canada,Vancouver,Apartment,Low,Stable,0.44,452509,548033,663722,4.22,6.39,8.02,3.87,7.49
Italy,Naples,Condo,High,Booming,0.85,200694,285588,406391,8.46,4.78,4.94,3.49,3.45
UAE,Sharjah,Apartment,Middle,Booming,1.09,433431,575814,764970,6.57,4.94,4.26,3.98,4
China,Beijing,Villa,Middle,Declining,0.83,356757,557925,872529,11.28,6.68,6.79,0.91,6.36
UK,Birmingham,Townhouse,Low,Stable,0.42,446546,652980,954847,9.25,6.55,6.87,2.27,4.35
Canada,Vancouver,Townhouse,High,Stable,0.6,111612,161693,234245,8.97,2.96,7.32,2.92,7.13
Germany,Frankfurt,Villa,Middle,Stable,0.42,191660,234985,288104,4.52,6.2,2.02,3.4,9.85
India,Mumbai,Villa,Low,Declining,0.47,373624,529680,750918,8.35,6.49,2.7,1.05,5.13
Russia,Los Angeles,Villa,Middle,Stable,0.63,407149,592752,862962,9.12,7.55,1.53,0.54,9.29
Spain,Madrid,Villa,High,Stable,0.55,200336,270601,365512,7.01,2.61,6.78,1.64,8.69
Indonesia,Jakarta,Villa,Low,Stable,1.05,127000,198372,309853,11.24,5.18,9.31,1.23,8.44
Japan,Osaka,Townhouse,Middle,Declining,0.66,398400,551087,762291,7.66,4.97,9.22,1.82,4.98
Russia,Los Angeles,Apartment,Low,Stable,0.85,330813,427245,551788,5.83,4.92,9.64,3.06,4
Japan,Tokyo,Townhouse,Middle,Stable,0.49,489009,708847,1027513,8.99,7.49,3.73,3.1,9.43
Italy,Naples,Apartment,Middle,Declining,0.57,297867,415548,579722,7.9,4.89,8.44,3.42,10.66
France,Marseille,Villa,Low,Stable,1.02,269638,339687,427935,5.2,6.99,5.41,1.36,7.57
USA,Saint Petersburg,Townhouse,Low,Stable,0.43,361233,446035,550745,4.7,3.56,9.61,3.22,10.08
Australia,Sydney,Condo,Low,Declining,0.86,427628,627561,920970,9.35,5.59,9.65,1.17,11.49
Japan,Osaka,Apartment,High,Declining,0.66,287780,321596,359385,2.35,5.24,6.5,3.99,11.78
Indonesia,Bandung,Townhouse,Low,Declining,1.17,206775,329846,526169,11.9,4.73,8.67,1.26,7.55
Russia,New York,Townhouse,Middle,Stable,1.17,476164,679036,968342,8.52,6.79,2.59,3.03,8.56
USA,Saint Petersburg,Apartment,Low,Declining,0.38,100922,111987,124266,2.19,6.35,2.28,2.14,6.21
France,Lyon,Apartment,High,Declining,0.8,367914,524866,748772,8.53,5.09,5.18,1.89,10.76
Turkey,Ankara,Villa,Low,Booming,0.6,166715,243207,354796,9.18,4.16,8.62,1.65,9.32
Italy,Rome,Apartment,High,Declining,0.34,223503,276871,342981,4.78,6.9,9.7,2.11,10.42
France,Lyon,Townhouse,Low,Booming,0.93,485324,726097,1086321,9.92,2.46,7.42,2.37,3.15
Indonesia,Bandung,Townhouse,Middle,Declining,0.53,464790,724763,1130147,11.19,6.79,9.84,3.32,3.09
UAE,Sharjah,Apartment,High,Booming,0.56,63781,70271,77422,2.04,3.31,5.53,3.47,10.76
China,Shanghai,Townhouse,Middle,Declining,0.85,467679,619691,821112,6.5,7.33,5.09,1.47,11.25
South Korea,Seoul,Townhouse,High,Declining,0.65,276532,340376,418959,4.62,5.98,9.96,0.59,11.1
Brazil,Sao Paulo,Villa,Middle,Declining,0.3,213903,244434,279323,2.85,6.54,1.46,2.44,5.65
UAE,Abu Dhabi,Townhouse,High,Booming,0.42,397318,464695,543498,3.39,3.34,3.48,2.55,8.94
South Korea,Incheon,Villa,High,Declining,0.32,158841,204434,263114,5.74,3.99,8.96,3.26,8.63
South Korea,Seoul,Condo,High,Stable,0.6,365303,553068,837346,10.28,5.57,8.06,3.12,8.15
Russia,Los Angeles,Condo,Middle,Declining,0.58,385602,448740,522215,3.27,6.68,8.24,3.38,7.26
Germany,Munich,Apartment,Middle,Declining,0.47,94876,138409,201918,9.18,7.32,6.86,1,11.41
China,Shenzhen,Townhouse,Middle,Booming,1.19,245020,337431,464694,7.54,6.66,7.63,3.89,4.03
Saudi Arabia,Dammam,Villa,Middle,Booming,0.82,361369,556347,856527,10.79,7.24,9.8,2.29,10.48
Brazil,Brasilia,Apartment,Low,Declining,0.68,240041,285491,339546,3.79,6.91,9.87,1.4,3.51
Turkey,Ankara,Villa,Low,Declining,1.03,329104,519271,819323,11.56,3.51,1.64,2.22,3.77
China,Beijing,Condo,Middle,Stable,0.54,106690,125177,146866,3.47,2.64,9.59,1.47,7
South Korea,Incheon,Villa,Low,Declining,1.11,354795,493136,685421,7.8,6.23,8.46,3.57,8.78
Japan,Osaka,Condo,Middle,Booming,1.1,290929,349845,420692,4.05,7.28,5.87,3.67,3.36
South Korea,Seoul,Townhouse,High,Booming,0.66,476512,565767,671739,3.75,7.65,9.59,3.59,8.07
Germany,Frankfurt,Condo,High,Declining,0.88,441328,651728,962435,9.53,5.78,9.84,2.9,11.78
UK,London,Apartment,Low,Declining,0.35,112532,146101,189683,5.97,4.31,8.04,1.06,11.78
UAE,Sharjah,Condo,Low,Booming,0.58,243016,291888,350590,4.02,5.48,1.53,1.02,9.71
India,Bangalore,Townhouse,Low,Stable,0.47,155982,231810,344503,9.72,2.56,4.94,0.58,6.12
France,Paris,Condo,Low,Booming,0.93,90546,139313,214345,10.77,7.46,1.94,3.97,5.68
Japan,Tokyo,Apartment,Low,Declining,0.38,52280,66641,84946,5.49,5.78,3.99,3.43,9.45
France,Lyon,Apartment,High,Stable,0.62,380439,596251,934485,11.35,2.56,3.75,2.12,7.48
Turkey,Izmir,Villa,High,Booming,0.79,185282,262543,372022,8.34,5.87,6.2,0.9,7.29
France,Marseille,Villa,Middle,Declining,0.62,270967,421903,656915,11.14,4.88,1.13,2.04,10.39
UK,London,Apartment,Low,Declining,1,281026,333682,396205,3.75,4.79,6.07,4,8.8
Saudi Arabia,Jeddah,Condo,Low,Booming,0.92,271154,337579,420275,4.9,6.88,5.45,3.98,7.11
Italy,Rome,Condo,Low,Stable,0.36,357160,384180,413245,1.51,3.5,4.18,3.09,7.45
Saudi Arabia,Dammam,Apartment,Middle,Declining,0.33,327582,418090,533604,5.53,7.53,5.5,2.98,4.97
Germany,Munich,Apartment,Low,Declining,0.98,374430,579335,896373,10.94,2.2,5.03,2.88,3.86
Germany,Frankfurt,Apartment,Low,Booming,0.67,473966,611304,788438,5.8,7.91,1.51,3.01,8.23
Brazil,Sao Paulo,Apartment,Middle,Booming,0.75,486881,545944,612171,2.43,7.38,7.22,1.41,11.12
Saudi Arabia,Dammam,Condo,High,Stable,0.69,416402,526274,665137,5.28,7.11,6.73,0.99,8.85
Germany,Frankfurt,Villa,Low,Booming,0.47,235365,269178,307849,2.87,2.13,2.91,2.38,7.33
